Age,Attrition,DailyRate,DistanceFromHome,Education,EnvironmentSatisfaction,HourlyRate,JobInvolvement,JobLevel,JobSatisfaction,MonthlyIncome,MonthlyRate,NumCompaniesWorked,PercentSalaryHike,PerformanceRating,RelationshipSatisfaction,StandardHours,StockOptionLevel,TotalWorkingYears,TrainingTimesLastYear,WorkLifeBalance,YearsAtCompany,YearsInCurrentRole,YearsSinceLastPromotion,YearsWithCurrManager,BusinessTravel_Travel_Frequently,BusinessTravel_Travel_Rarely,Department_Research & Development,Department_Sales,EducationField_Life Sciences,EducationField_Marketing,EducationField_Medical,EducationField_Other,EducationField_Technical Degree,Gender_Male,JobRole_Human Resources,JobRole_Laboratory Technician,JobRole_Manager,JobRole_Manufacturing Director,JobRole_Research Director,JobRole_Research Scientist,JobRole_Sales Executive,JobRole_Sales Representative,MaritalStatus_Married,MaritalStatus_Single,OverTime_Yes
1.5413689168784945,No,0.4103268348916906,-0.3939381836990763,2,2,-1.2740136117608418,2,1,3,-0.7787196597294709,-1.4132941800355716,0,-0.3305890744344257,3,2,0.0,0,-0.42164245835933756,2.4833959938131165,2,-0.0013328996684553085,-1.1676872598353414,1.4938670923934996,0.8065414765793012,1.0,0.0,1.0,0.0,0.0,0.0,1.0,0.0,0.0,0.0,0.0,1.0,0.0,0.0,0.0,0.0,0.0,0.0,0.0,1.0,0.0
-0.10115885313749257,No,1.238346979874232,-0.3939381836990763,4,1,0.6942470390940585,4,2,1,-0.199927812407756,0.7586254379861296,3,-0.6039107501479274,3,4,0.0,1,-0.2930769296747854,0.1557070814399298,3,-0.6544537372115486,-0.6154915796172451,-0.6791456840737199,-0.5952272282818631,1.0,0.0,1.0,0.0,1.0,0.0,0.0,0.0,0.0,1.0,0.0,1.0,0.0,0.0,0.0,0.0,0.0,0.0,1.0,0.0,1.0
-0.3201625558062908,No,-1.6646817320256362,-0.8875151110697495,3,3,0.9894861367222936,3,2,1,-0.41750595178273253,-1.1628502328817816,0,-0.8772324258614291,3,4,0.0,0,-0.9359045730975464,0.1557070814399298,3,-0.6544537372115486,-0.6154915796172451,-0.6791456840737199,-0.5952272282818631,0.0,1.0,0.0,1.0,0.0,1.0,0.0,0.0,0.0,0.0,0.0,0.0,0.0,0.0,0.0,0.0,1.0,0.0,0.0,1.0,1.0
0.5558522548689022,No,-0.6705617376004892,-0.6407266473844129,2,3,-0.3882963188761366,3,5,4,2.7046553567874874,-1.3182885076023718,1,-1.1505541015749308,3,4,0.0,0,1.3782749432243935,0.1557070814399298,3,2.4478702411181446,3.5259760220184755,2.7355886789461965,3.049371404357164,0.0,1.0,1.0,0.0,0.0,0.0,0.0,0.0,1.0,1.0,0.0,0.0,1.0,0.0,0.0,0.0,0.0,0.0,1.0,0.0,0.0
0.008342998196906572,No,-0.04830707774833983,-0.270543951856408,4,4,0.5958340065513135,3,2,1,-0.4714755293230099,-0.1019067103991995,5,1.855984331273588,4,3,0.0,1,0.6068817711170802,-0.6201892226844657,3,-0.32789331844000197,-0.33939373950819707,-0.6791456840737199,-0.0345197463373974,0.0,1.0,1.0,0.0,0.0,0.0,1.0,0.0,0.0,1.0,0.0,0.0,0.0,0.0,0.0,1.0,0.0,0.0,1.0,0.0,1.0
2.4173837275536876,No,-0.2168860294214321,-0.8875151110697495,3,3,0.15297536010896096,2,4,4,1.5347479003435216,1.0562911394854155,3,-0.6039107501479274,3,1,0.0,0,2.406799172700811,0.9316033855643254,3,-0.32789331844000197,-0.33939373950819707,0.5625759024789769,-0.3148734873096303,0.0,1.0,1.0,0.0,1.0,0.0,0.0,0.0,0.0,0.0,0.0,0.0,0.0,1.0,0.0,0.0,0.0,0.0,0.0,1.0,1.0
-0.2106607044718917,No,-1.6473280164122297,-0.8875151110697495,3,2,-1.4216331605749593,3,2,2,-0.44151603942860396,0.23511045305466613,5,-1.1505541015749308,3,4,0.0,0,-0.16451140099023315,1.707499689688721,3,-0.16461310905422863,-0.6154915796172451,-0.3687152874355457,-0.5952272282818631,1.0,0.0,1.0,0.0,0.0,0.0,1.0,0.0,0.0,0.0,0.0,1.0,0.0,0.0,0.0,0.0,0.0,0.0,0.0,1.0,0.0
-0.7581699611438873,No,1.6424406434435561,-1.0109093429124179,3,4,-0.14226373751927407,3,1,2,-0.6212729787950396,-0.694848917493386,0,1.5826626555600865,4,1,0.0,1,0.09261965637887129,-0.6201892226844657,3,0.651787937874638,1.3171933011460915,0.8730062991171511,0.8065414765793012,0.0,1.0,1.0,0.0,0.0,0.0,1.0,0.0,0.0,1.0,0.0,0.0,0.0,0.0,0.0,1.0,0.0,0.0,1.0,0.0,1.0
1.103361511540898,No,0.9086263832195074,0.59321567104227,4,3,-0.09305722124790157,3,2,2,-0.2201132843224267,-1.7129274546325863,8,0.7626976284195812,3,3,0.0,1,0.6068817711170802,0.9316033855643254,4,0.16194730971731802,0.7649976209279952,-0.3687152874355457,0.8065414765793012,0.0,0.0,1.0,0.0,0.0,0.0,0.0,0.0,1.0,1.0,0.0,0.0,0.0,0.0,0.0,1.0,0.0,0.0,1.0,0.0,0.0
-1.0866755151470848,No,-1.3225656242184785,-0.5173324155417446,1,3,-1.1756005792180968,2,3,4,1.3396924980522829,-0.7689139905293272,1,0.21605427699257776,3,2,0.0,1,-0.2930769296747854,0.1557070814399298,3,0.32522751910309133,1.0410954610370433,-0.6791456840737199,1.086895217551534,0.0,1.0,1.0,0.0,0.0,0.0,0.0,0.0,1.0,1.0,0.0,0.0,0.0,0.0,1.0,0.0,0.0,0.0,0.0,0.0,1.0
0.11784484953130571,No,-1.1341538547014929,0.09963874367159682,2,1,1.6783773645215088,3,2,4,-0.24646063713736524,-1.1708610662082495,1,-1.1505541015749308,3,3,0.0,1,-0.16451140099023315,-1.3960855268088614,3,0.48850772848886465,0.7649976209279952,-0.3687152874355457,1.3672489585237668,0.0,1.0,0.0,1.0,1.0,0.0,0.0,0.0,0.0,0.0,0.0,0.0,0.0,0.0,0.0,0.0,1.0,0.0,1.0,0.0,0.0
-0.5391662584750891,No,0.9458129166768071,-1.0109093429124179,3,3,0.20218187638033347,2,1,2,-0.8862338575065589,-1.4530672647968075,6,1.3093409798465847,4,3,0.0,0,-0.8073390444129942,0.1557070814399298,3,-0.6544537372115486,-1.1676872598353414,-0.6791456840737199,-0.5952272282818631,0.0,0.0,1.0,0.0,1.0,0.0,0.0,0.0,0.0,0.0,0.0,1.0,0.0,0.0,0.0,0.0,0.0,0.0,1.0,0.0,0.0
-1.9626903258222779,Yes,-0.7771631335114152,-0.8875151110697495,2,1,-0.6835354165043717,2,1,4,-0.8369388103044157,0.5795762860927915,1,-0.8772324258614291,3,3,0.0,0,-1.3216011591512031,0.1557070814399298,4,-0.9810141559830953,-1.1676872598353414,-0.6791456840737199,-1.1559347102263289,0.0,1.0,0.0,0.0,0.0,0.0,0.0,0.0,1.0,1.0,1.0,0.0,0.0,0.0,0.0,0.0,0.0,0.0,0.0,1.0,0.0
1.869874470881692,No,0.3111627456722245,1.3335810620982798,4,4,-1.7168722582031943,3,2,3,-0.3471755180589852,0.3614567541159777,3,-0.8772324258614291,3,4,0.0,0,1.121143885855289,0.9316033855643254,2,-0.4911735278257753,-0.33939373950819707,-0.6791456840737199,-0.3148734873096303,1.0,0.0,1.0,0.0,1.0,0.0,0.0,0.0,0.0,0.0,0.0,0.0,0.0,0.0,0.0,1.0,0.0,0.0,0.0,1.0,0.0
-1.8531884744878788,No,0.8392115207658811,-0.8875151110697495,3,3,-1.7168722582031943,3,1,3,-0.7904059855748066,-0.14926900568024734,1,1.036019304133083,3,1,0.0,0,-1.193035630466651,0.1557070814399298,3,-0.8177339465973219,-0.6154915796172451,-0.058284890797371494,-0.5952272282818631,0.0,1.0,0.0,1.0,0.0,0.0,1.0,0.0,0.0,0.0,0.0,0.0,0.0,0.0,0.0,0.0,0.0,1.0,0.0,1.0,0.0
1.3223652142096962,No,-0.6829572487529224,-0.14714972001373974,2,1,-0.7327419327757442,3,3,2,0.19124538543338832,1.1473616657231573,4,-1.1505541015749308,3,3,0.0,1,2.2782336440162587,0.1557070814399298,2,3.1009910786612376,1.3171933011460915,-0.3687152874355457,0.8065414765793012,0.0,1.0,1.0,0.0,0.0,0.0,0.0,1.0,0.0,0.0,0.0,1.0,0.0,0.0,0.0,0.0,0.0,0.0,1.0,0.0,0.0
-0.8676718124782865,Yes,-1.7043473677134227,0.4698214391996017,3,1,-0.7327419327757442,3,2,2,-0.15679464610588079,0.44578131544722016,5,-1.1505541015749308,3,1,0.0,0,-0.5502079870438897,0.9316033855643254,1,-0.32789331844000197,-0.33939373950819707,-0.6791456840737199,-1.1559347102263289,1.0,0.0,0.0,1.0,0.0,0.0,0.0,0.0,1.0,0.0,0.0,0.0,0.0,0.0,0.0,0.0,1.0,0.0,0.0,1.0,0.0
-0.2106607044718917,No,1.0152277791304334,-0.14714972001373974,2,3,0.5958340065513135,2,3,4,0.8231568956884471,-0.07843637416200369,4,-1.1505541015749308,3,2,0.0,1,0.6068817711170802,2.4833959938131165,2,0.9783483566461847,-0.6154915796172451,0.5625759024789769,2.2083101814404653,0.0,0.0,0.0,1.0,0.0,1.0,0.0,0.0,0.0,0.0,0.0,0.0,0.0,0.0,0.0,0.0,1.0,0.0,1.0,0.0,1.0
0.4463504035345031,No,1.0003531657475135,1.7037637576262845,2,4,0.6942470390940585,3,3,3,0.12303973822697477,-0.3825669586966848,3,0.21605427699257776,3,4,0.0,0,1.2497094145398413,-0.6201892226844657,3,-0.8177339465973219,-1.1676872598353414,-0.6791456840737199,-0.5952272282818631,0.0,1.0,0.0,1.0,1.0,0.0,0.0,0.0,0.0,1.0,0.0,0.0,0.0,0.0,0.0,0.0,1.0,0.0,0.0,1.0,1.0
-0.3201625558062908,No,1.2978454334059115,-0.7641208792270812,3,4,0.743453555365431,1,2,1,-0.37054816974965654,0.2217590641772194,3,0.7626976284195812,3,4,0.0,0,0.4783162424325279,-0.6201892226844657,3,0.9783483566461847,1.3171933011460915,0.2521455058408027,2.2083101814404653,0.0,1.0,0.0,1.0,0.0,0.0,0.0,1.0,0.0,1.0,0.0,0.0,0.0,0.0,0.0,0.0,1.0,0.0,0.0,1.0,0.0
1.3223652142096962,No,1.7044181992057224,-0.270543951856408,4,3,-1.5200461931177043,3,3,2,0.8420674956927175,0.9324745752640411,3,-0.3305890744344257,3,2,0.0,2,2.2782336440162587,0.1557070814399298,3,0.16194730971731802,0.7649976209279952,-0.6791456840737199,0.8065414765793012,0.0,1.0,1.0,0.0,1.0,0.0,0.0,0.0,0.0,1.0,0.0,0.0,0.0,0.0,0.0,0.0,0.0,0.0,0.0,0.0,0.0
-0.7581699611438873,No,-1.3919804866721046,-0.270543951856408,3,2,-0.8803614815898617,2,1,2,-0.9268172799876336,-1.2599640193482624,1,-0.8772324258614291,3,2,0.0,1,-0.678773515728442,0.1557070814399298,2,-0.16461310905422863,-0.063295899399149,-0.3687152874355457,-0.8755809692540959,0.0,1.0,1.0,0.0,0.0,0.0,1.0,0.0,0.0,1.0,0.0,0.0,0.0,0.0,0.0,1.0,0.0,0.0,1.0,0.0,0.0
-1.0866755151470848,No,0.37561940366487745,-0.02375548817107146,3,4,-1.0771875466753518,3,2,4,-0.5095092079832841,-1.294958712300728,1,-0.3305890744344257,3,1,0.0,0,-0.5502079870438897,1.707499689688721,3,-0.0013328996684553085,0.7649976209279952,-0.6791456840737199,0.8065414765793012,0.0,1.0,0.0,1.0,0.0,1.0,0.0,0.0,0.0,1.0,0.0,0.0,0.0,0.0,0.0,0.0,1.0,0.0,0.0,1.0,0.0
0.33684855220010396,No,0.8640025430707476,-0.02375548817107146,5,4,-0.14226373751927407,2,2,4,-0.3456881674968516,-0.009992938548145236,9,-0.3305890744344257,3,4,0.0,1,-0.8073390444129942,1.707499689688721,1,-0.6544537372115486,-0.6154915796172451,-0.6791456840737199,-0.5952272282818631,0.0,0.0,1.0,0.0,1.0,0.0,0.0,0.0,0.0,1.0,0.0,0.0,0.0,0.0,0.0,0.0,0.0,0.0,1.0,0.0,0.0
0.7748559575377005,No,0.4549506750404503,-0.14714972001373974,4,1,-0.19147025379064658,4,1,4,-0.7829692327641384,-1.3026884637560918,2,2.4026276827005915,4,3,0.0,1,-0.16451140099023315,-0.6201892226844657,2,-0.6544537372115486,-0.6154915796172451,-0.6791456840737199,-0.5952272282818631,0.0,1.0,1.0,0.0,1.0,0.0,0.0,0.0,0.0,1.0,0.0,1.0,0.0,0.0,0.0,0.0,0.0,0.0,1.0,0.0,1.0
0.6653541062033014,No,0.29132992782833134,-0.7641208792270812,3,3,1.4815512994360187,1,5,4,2.812594511868042,0.6059979819765808,3,-0.3305890744344257,3,2,0.0,1,1.76397152927805,-0.6201892226844657,3,0.16194730971731802,0.7649976209279952,-0.6791456840737199,0.8065414765793012,0.0,1.0,1.0,0.0,1.0,0.0,0.0,0.0,0.0,1.0,0.0,0.0,0.0,0.0,1.0,0.0,0.0,0.0,1.0,0.0,0.0
0.22734670086570485,No,0.7102982047805754,-0.3939381836990763,3,2,-1.6676657419318217,3,3,2,0.3979871135699627,-0.7256273823792895,4,0.7626976284195812,3,4,0.0,0,-0.2930769296747854,0.1557070814399298,3,-0.8177339465973219,-1.1676872598353414,-0.058284890797371494,-0.5952272282818631,0.0,1.0,1.0,0.0,1.0,0.0,0.0,0.0,0.0,0.0,0.0,0.0,0.0,1.0,0.0,0.0,0.0,0.0,0.0,1.0,0.0
0.22734670086570485,No,-0.9011182450357478,-0.02375548817107146,3,3,0.20218187638033347,3,2,2,0.05929614270696211,-0.7790329378890763,9,-0.057267398720923963,3,3,0.0,0,-0.2930769296747854,-0.6201892226844657,2,-0.32789331844000197,-0.063295899399149,-0.6791456840737199,-0.3148734873096303,0.0,0.0,1.0,0.0,1.0,0.0,0.0,0.0,0.0,1.0,0.0,1.0,0.0,0.0,0.0,0.0,0.0,0.0,0.0,1.0,0.0
-0.3201625558062908,No,0.01862868247479974,-0.14714972001373974,2,2,1.2847252343505287,4,2,3,0.06290827978642949,1.0983128792154846,1,1.5826626555600865,4,3,0.0,2,-0.16451140099023315,1.707499689688721,3,0.48850772848886465,1.0410954610370433,0.5625759024789769,1.086895217551534,0.0,1.0,0.0,1.0,0.0,0.0,0.0,0.0,1.0,1.0,0.0,0.0,0.0,0.0,0.0,0.0,1.0,0.0,1.0,0.0,0.0
-0.10115885313749257,No,-1.523372904887897,-0.270543951856408,4,2,-0.043850704976529056,3,1,4,-0.38775894054006,1.262043069133647,2,0.7626976284195812,3,3,0.0,0,-0.42164245835933756,2.4833959938131165,3,-0.16461310905422863,-0.6154915796172451,-0.6791456840737199,-0.8755809692540959,0.0,1.0,1.0,0.0,0.0,0.0,0.0,1.0,0.0,1.0,0.0,0.0,0.0,0.0,0.0,1.0,0.0,0.0,0.0,1.0,0.0
-1.4151810691502822,No,0.804504089539068,1.0867925984129432,1,2,-0.6835354165043717,3,1,3,-0.7923182934404069,-0.14842576006693492,0,-0.8772324258614291,3,3,0.0,1,-0.678773515728442,-0.6201892226844657,3,-0.32789331844000197,-0.33939373950819707,-0.3687152874355457,-0.5952272282818631,0.0,1.0,1.0,0.0,1.0,0.0,0.0,0.0,0.0,1.0,0.0,1.0,0.0,0.0,0.0,0.0,0.0,0.0,1.0,0.0,0.0
-0.6486681098094882,No,-1.4489998379732976,-0.270543951856408,3,2,1.6783773645215088,4,2,4,0.0905305045117683,-0.29121535058783876,4,-1.1505541015749308,3,2,0.0,1,-0.16451140099023315,0.1557070814399298,2,0.16194730971731802,0.7649976209279952,1.4938670923934996,0.8065414765793012,0.0,1.0,0.0,1.0,0.0,0.0,0.0,0.0,1.0,1.0,0.0,0.0,0.0,0.0,0.0,0.0,1.0,0.0,1.0,0.0,0.0
-0.9771736638126857,Yes,1.5655884742984698,-0.5173324155417446,4,3,-0.7819484490471167,3,1,3,-0.6505950327342455,-0.44046982414413793,1,-0.6039107501479274,3,3,0.0,0,-1.193035630466651,0.1557070814399298,2,-0.8177339465973219,-0.6154915796172451,-0.058284890797371494,-0.5952272282818631,0.0,1.0,1.0,0.0,0.0,0.0,0.0,0.0,1.0,1.0,0.0,1.0,0.0,0.0,0.0,0.0,0.0,0.0,0.0,1.0,1.0
-0.6486681098094882,No,-0.36563216325063114,-0.270543951856408,4,4,-0.8803614815898617,3,2,4,-0.12492284834587446,-0.6725029087406067,3,1.855984331273588,4,4,0.0,1,-0.16451140099023315,0.1557070814399298,2,-0.0013328996684553085,0.7649976209279952,-0.3687152874355457,0.8065414765793012,0.0,1.0,1.0,0.0,1.0,0.0,0.0,0.0,0.0,1.0,0.0,1.0,0.0,0.0,0.0,0.0,0.0,0.0,0.0,0.0,0.0
0.6653541062033014,No,-0.6730408398309758,-0.6407266473844129,4,4,-0.4867093514188816,2,3,4,0.7921350125353742,0.8503986689016318,3,-0.3305890744344257,3,4,0.0,0,1.5068404719089457,0.1557070814399298,4,2.284590031732371,0.7649976209279952,3.977310265498893,3.6100788863016295,0.0,1.0,0.0,1.0,0.0,1.0,0.0,0.0,0.0,0.0,0.0,0.0,0.0,0.0,0.0,0.0,1.0,0.0,0.0,1.0,0.0
-0.10115885313749257,No,1.01770688136092,-0.8875151110697495,1,2,1.3831382668932737,2,2,4,-0.5560420327128933,-1.4180725718443419,1,1.5826626555600865,4,4,0.0,0,-0.16451140099023315,-0.6201892226844657,2,0.48850772848886465,-0.8915894197262932,-0.6791456840737199,1.086895217551534,1.0,0.0,0.0,0.0,0.0,0.0,0.0,0.0,0.0,1.0,1.0,0.0,0.0,0.0,0.0,0.0,0.0,0.0,0.0,1.0,0.0
-0.6486681098094882,No,0.9557293255987538,1.3335810620982798,2,4,-1.0279810304039791,3,2,3,0.09116794046696844,1.4184651304031017,1,-0.6039107501479274,3,4,0.0,1,-0.2930769296747854,-0.6201892226844657,2,0.32522751910309133,1.0410954610370433,-0.6791456840737199,-1.1559347102263289,0.0,0.0,0.0,1.0,0.0,1.0,0.0,0.0,0.0,0.0,0.0,0.0,0.0,0.0,0.0,0.0,1.0,0.0,1.0,0.0,0.0
-1.4151810691502822,No,-0.5837931595334565,-0.8875151110697495,1,1,-1.6676657419318217,3,1,4,-0.5828143428312987,0.40825688565481727,1,-0.6039107501479274,3,3,0.0,0,-0.678773515728442,-0.6201892226844657,3,-0.16461310905422863,-0.33939373950819707,-0.3687152874355457,-0.3148734873096303,1.0,0.0,1.0,0.0,0.0,0.0,0.0,0.0,1.0,0.0,0.0,0.0,0.0,0.0,0.0,1.0,0.0,0.0,0.0,1.0,1.0
-1.3056792178158831,No,-0.075577202283693,-0.8875151110697495,1,4,0.5466274902799411,4,2,3,-0.2755702124248377,-1.3126668701802888,1,0.4893759527060795,3,3,0.0,2,-0.5502079870438897,2.4833959938131165,3,-0.0013328996684553085,0.7649976209279952,-0.6791456840737199,0.8065414765793012,1.0,0.0,1.0,0.0,1.0,0.0,0.0,0.0,0.0,1.0,0.0,0.0,0.0,1.0,0.0,0.0,0.0,0.0,0.0,0.0,0.0
-0.6486681098094882,No,-1.218443330538039,1.3335810620982798,3,2,1.137105685536411,3,2,3,-0.48996117202381356,0.6058574410410288,1,-1.1505541015749308,3,1,0.0,1,-0.16451140099023315,-0.6201892226844657,3,0.48850772848886465,1.0410954610370433,-0.6791456840737199,-0.5952272282818631,0.0,1.0,1.0,0.0,1.0,0.0,0.0,0.0,0.0,1.0,0.0,1.0,0.0,0.0,0.0,0.0,0.0,0.0,0.0,0.0,0.0
-0.3201625558062908,No,-1.2357970461514456,-0.8875151110697495,3,4,-0.2898832863333916,3,2,4,-0.04864301237359265,0.6145709790452571,1,1.855984331273588,4,3,0.0,0,-0.678773515728442,1.707499689688721,3,-0.16461310905422863,0.21280194070989908,-0.3687152874355457,-0.0345197463373974,0.0,1.0,0.0,1.0,0.0,0.0,0.0,1.0,0.0,1.0,0.0,0.0,0.0,0.0,0.0,0.0,1.0,0.0,0.0,1.0,0.0
0.4463504035345031,No,0.13514648730767234,0.09963874367159682,3,4,1.235518718079156,2,4,1,2.268861642082334,-0.20028536528564903,4,-0.6039107501479274,3,2,0.0,1,1.2497094145398413,-0.6201892226844657,2,-0.0013328996684553085,0.48889978081894714,1.4938670923934996,0.8065414765793012,1.0,0.0,1.0,0.0,1.0,0.0,0.0,0.0,0.0,1.0,0.0,0.0,1.0,0.0,0.0,0.0,0.0,0.0,0.0,0.0,0.0
-0.9771736638126857,No,0.22935237206616507,0.7166099028849382,2,1,-0.7819484490471167,3,1,3,-0.9127936889732309,1.1480643704009177,1,0.21605427699257776,3,4,0.0,1,-0.9359045730975464,1.707499689688721,2,-0.4911735278257753,-0.6154915796172451,-0.058284890797371494,-0.5952272282818631,0.0,1.0,1.0,0.0,1.0,0.0,0.0,0.0,0.0,1.0,0.0,1.0,0.0,0.0,0.0,0.0,0.0,0.0,0.0,0.0,0.0
-0.3201625558062908,No,0.3334746657466044,-1.0109093429124179,3,1,-1.6676657419318217,3,3,4,0.7192548349908264,-1.0601148089932177,1,1.5826626555600865,4,1,0.0,0,0.34975071374797573,0.1557070814399298,2,1.141628566031958,1.0410954610370433,-0.058284890797371494,-0.8755809692540959,0.0,1.0,0.0,1.0,0.0,1.0,0.0,0.0,0.0,1.0,0.0,0.0,0.0,0.0,0.0,0.0,1.0,0.0,0.0,1.0,0.0
1.103361511540898,No,-1.4514789402037842,-0.7641208792270812,3,4,-0.8311549653184892,3,4,3,1.54409696101979,-0.5745458766608134,9,-0.8772324258614291,3,4,0.0,2,2.1496681153317065,-0.6201892226844657,2,2.4478702411181446,-0.6154915796172451,2.7355886789461965,2.488663922412698,1.0,0.0,0.0,1.0,0.0,0.0,1.0,0.0,0.0,0.0,0.0,0.0,0.0,0.0,0.0,0.0,1.0,0.0,0.0,0.0,1.0
-0.3201625558062908,No,0.8788771564536676,-0.5173324155417446,2,2,-0.4375028351475091,2,2,4,-0.5347941675395558,-0.33745331838447007,1,-0.3305890744344257,3,3,0.0,1,0.4783162424325279,0.1557070814399298,4,1.3049087754177313,1.5932911412551394,0.5625759024789769,2.488663922412698,0.0,1.0,1.0,0.0,0.0,0.0,1.0,0.0,0.0,1.0,0.0,1.0,0.0,0.0,0.0,0.0,0.0,0.0,1.0,0.0,0.0
-1.7436866231534796,No,0.4797416973453168,-0.7641208792270812,2,4,1.6783773645215088,2,1,3,-0.6954280282499877,-0.5315403503818797,1,0.4893759527060795,3,1,0.0,0,-1.0644701017820986,0.9316033855643254,4,-0.6544537372115486,-0.6154915796172451,-0.3687152874355457,-1.1559347102263289,0.0,1.0,1.0,0.0,0.0,0.0,1.0,0.0,0.0,1.0,0.0,0.0,0.0,0.0,0.0,1.0,0.0,0.0,0.0,1.0,0.0
0.5558522548689022,No,-0.5763558528419964,-0.14714972001373974,3,2,0.005355811294843447,3,5,4,2.53424747809732,0.26869973665161107,1,-0.6039107501479274,3,2,0.0,1,1.6354060005934978,0.9316033855643254,2,2.774430659889691,0.7649976209279952,3.666879868860719,1.3672489585237668,1.0,0.0,1.0,0.0,1.0,0.0,0.0,0.0,0.0,1.0,0.0,0.0,1.0,0.0,0.0,0.0,0.0,0.0,0.0,0.0,0.0
0.33684855220010396,No,1.6523570523655027,-0.02375548817107146,4,4,-1.5200461931177043,3,1,2,-0.6131987900291714,1.5108005250608123,8,-0.3305890744344257,3,4,0.0,1,-1.0644701017820986,-0.6201892226844657,3,-0.9810141559830953,-0.8915894197262932,-0.6791456840737199,-1.1559347102263289,1.0,0.0,1.0,0.0,0.0,0.0,1.0,0.0,0.0,1.0,0.0,0.0,0.0,0.0,0.0,1.0,0.0,0.0,0.0,0.0,1.0
0.8843578088720997,No,-1.0870509123222465,1.950552221311621,3,2,0.841866587908176,3,5,2,2.4558428556077043,-0.1796258477594946,3,1.855984331273588,4,3,0.0,0,1.3782749432243935,0.9316033855643254,3,-1.1442943653688686,-1.1676872598353414,-0.6791456840737199,-1.1559347102263289,1.0,0.0,1.0,0.0,0.0,0.0,1.0,0.0,0.0,0.0,0.0,0.0,1.0,0.0,0.0,0.0,0.0,0.0,0.0,1.0,0.0
0.8843578088720997,No,1.2730544111010451,2.4441291486822943,3,3,0.841866587908176,3,1,4,-0.6482577675651784,-0.6410217391769428,5,-0.6039107501479274,3,2,0.0,0,-0.2930769296747854,-0.6201892226844657,2,-0.16461310905422863,0.21280194070989908,-0.6791456840737199,-0.3148734873096303,0.0,1.0,1.0,0.0,0.0,0.0,1.0,0.0,0.0,1.0,0.0,0.0,0.0,0.0,0.0,1.0,0.0,0.0,0.0,1.0,0.0
2.08887817355049,No,1.1218291750413594,-1.0109093429124179,2,1,1.1863122018077836,3,1,1,-0.9427531788676368,-0.5367403649973064,2,1.855984331273588,4,4,0.0,1,-0.8073390444129942,0.1557070814399298,4,-0.6544537372115486,-0.6154915796172451,-0.3687152874355457,-1.1559347102263289,0.0,1.0,1.0,0.0,1.0,0.0,0.0,0.0,0.0,0.0,0.0,0.0,0.0,0.0,0.0,1.0,0.0,0.0,1.0,0.0,0.0
0.11784484953130571,No,-0.7300601911321688,-0.3939381836990763,4,1,0.3005949089230785,2,2,3,-0.2511351674754995,-0.004090219254958264,2,-1.1505541015749308,3,4,0.0,1,-0.16451140099023315,-1.3960855268088614,3,0.16194730971731802,-0.33939373950819707,1.4938670923934996,0.8065414765793012,1.0,0.0,1.0,0.0,1.0,0.0,0.0,0.0,0.0,1.0,0.0,0.0,0.0,1.0,0.0,0.0,0.0,0.0,1.0,0.0,0.0
-0.3201625558062908,No,-1.359752157675778,-1.0109093429124179,2,2,0.841866587908176,2,1,4,-0.6121363967705045,1.1919131422931637,1,-0.6039107501479274,3,4,0.0,1,-0.678773515728442,0.1557070814399298,3,-0.16461310905422863,0.21280194070989908,-0.3687152874355457,-0.3148734873096303,0.0,1.0,1.0,0.0,1.0,0.0,0.0,0.0,0.0,1.0,0.0,0.0,0.0,0.0,0.0,1.0,0.0,0.0,1.0,0.0,1.0
-0.8676718124782865,No,1.1019963571974662,1.3335810620982798,2,4,-1.0279810304039791,3,2,4,0.09095546181523506,-0.5032916223359135,2,-0.3305890744344257,3,4,0.0,1,-0.16451140099023315,-0.6201892226844657,3,-0.6544537372115486,-0.6154915796172451,-0.6791456840737199,-0.5952272282818631,0.0,1.0,0.0,1.0,0.0,1.0,0.0,0.0,0.0,1.0,0.0,0.0,0.0,0.0,0.0,0.0,1.0,0.0,0.0,0.0,0.0
0.22734670086570485,Yes,-1.4861863714305974,-0.8875151110697495,3,1,0.8910731041795485,3,4,4,1.203918639594656,-0.1076688887568344,7,-1.1505541015749308,3,4,0.0,3,1.2497094145398413,0.9316033855643254,3,1.794749403575051,0.7649976209279952,2.7355886789461965,0.24583399463483546,1.0,0.0,1.0,0.0,1.0,0.0,0.0,0.0,0.0,1.0,0.0,0.0,0.0,0.0,0.0,0.0,0.0,0.0,0.0,0.0,0.0
0.008342998196906572,No,1.6548361545959893,0.09963874367159682,3,2,0.251388392651706,3,1,2,-0.5454181001262246,-0.6127730111309766,1,-1.1505541015749308,3,1,0.0,1,-0.42164245835933756,-0.6201892226844657,1,0.16194730971731802,-0.063295899399149,1.4938670923934996,0.8065414765793012,0.0,1.0,1.0,0.0,0.0,0.0,1.0,0.0,0.0,0.0,0.0,0.0,0.0,0.0,0.0,1.0,0.0,0.0,1.0,0.0,0.0
-0.5391662584750891,No,1.2780126155620184,0.09963874367159682,4,4,0.645040522822686,3,2,4,-0.3941333000920612,1.653027951839508,8,-0.6039107501479274,3,3,0.0,0,-0.9359045730975464,-0.6201892226844657,4,-1.1442943653688686,-1.1676872598353414,-0.6791456840737199,-1.1559347102263289,1.0,0.0,0.0,1.0,0.0,1.0,0.0,0.0,0.0,1.0,0.0,0.0,0.0,0.0,0.0,0.0,1.0,0.0,0.0,1.0,0.0
-0.5391662584750891,Yes,0.6012177066391627,-0.6407266473844129,4,4,-1.6676657419318217,1,3,4,0.8280439046783147,1.6160656857893132,1,-1.1505541015749308,3,3,0.0,0,0.34975071374797573,-0.6201892226844657,2,1.141628566031958,1.0410954610370433,2.114727885669848,1.086895217551534,0.0,1.0,0.0,1.0,0.0,0.0,1.0,0.0,0.0,1.0,0.0,0.0,0.0,0.0,0.0,0.0,1.0,0.0,1.0,0.0,0.0
-0.42966440714069,Yes,0.060773420393072805,2.4441291486822943,4,1,-0.5851223839616266,2,2,3,-0.4238803113347338,-1.5718243553383073,1,1.855984331273588,4,2,0.0,0,0.34975071374797573,0.9316033855643254,3,0.9783483566461847,0.7649976209279952,0.2521455058408027,1.086895217551534,1.0,0.0,1.0,0.0,0.0,0.0,1.0,0.0,0.0,0.0,0.0,0.0,0.0,0.0,0.0,1.0,0.0,0.0,0.0,1.0,0.0
0.008342998196906572,No,1.4118841360082974,-1.0109093429124179,3,4,-1.1756005792180968,3,1,4,-0.9323417249327014,0.22035365482169872,1,-0.8772324258614291,3,2,0.0,0,0.7354472998016324,0.1557070814399298,3,1.6314691941892778,2.1454868214732357,0.8730062991171511,0.8065414765793012,0.0,1.0,1.0,0.0,1.0,0.0,0.0,0.0,0.0,0.0,0.0,0.0,0.0,0.0,0.0,1.0,0.0,0.0,0.0,1.0,0.0
-0.42966440714069,Yes,-1.1217583435490597,-0.5173324155417446,3,4,-1.5692527093890767,3,1,3,-0.775957437256937,-0.7256273823792895,1,-0.6039107501479274,3,2,0.0,0,-1.3216011591512031,-0.6201892226844657,3,-0.9810141559830953,-1.1676872598353414,-0.6791456840737199,-1.1559347102263289,0.0,1.0,0.0,1.0,0.0,1.0,0.0,0.0,0.0,0.0,0.0,0.0,0.0,0.0,0.0,0.0,0.0,1.0,0.0,1.0,1.0
0.008342998196906572,No,0.43263875496607046,-1.0109093429124179,3,4,-0.4867093514188816,2,2,4,-0.0061472820269175485,-0.6116486836465601,1,-0.6039107501479274,3,2,0.0,1,0.34975071374797573,-0.6201892226844657,2,1.141628566031958,1.0410954610370433,0.2521455058408027,1.9279564404682326,0.0,1.0,1.0,0.0,1.0,0.0,0.0,0.0,0.0,0.0,0.0,0.0,0.0,1.0,0.0,0.0,0.0,0.0,1.0,0.0,0.0
-0.2106607044718917,Yes,-0.6110632840688096,1.7037637576262845,2,2,-0.7819484490471167,2,2,3,-0.12471036969414108,0.16638593556970355,3,-0.6039107501479274,3,1,0.0,0,-0.42164245835933756,-1.3960855268088614,3,-0.9810141559830953,-1.1676872598353414,-0.6791456840737199,-0.8755809692540959,0.0,1.0,1.0,0.0,1.0,0.0,0.0,0.0,0.0,1.0,0.0,0.0,0.0,1.0,0.0,0.0,0.0,0.0,1.0,0.0,1.0
-0.8676718124782865,No,-0.8961600405747744,-0.14714972001373974,1,3,-1.3232201280322142,1,2,1,0.6824960282409525,-0.9873146043772452,3,-0.6039107501479274,3,3,0.0,1,-0.2930769296747854,0.1557070814399298,3,-0.0013328996684553085,0.7649976209279952,-0.6791456840737199,0.8065414765793012,0.0,1.0,1.0,0.0,0.0,0.0,0.0,1.0,0.0,0.0,0.0,0.0,0.0,0.0,0.0,0.0,0.0,0.0,1.0,0.0,0.0
0.7748559575377005,No,0.442555163888017,-0.5173324155417446,3,3,1.1863122018077836,2,1,3,-0.7098765765678573,-0.8910440635240767,3,-0.3305890744344257,3,4,0.0,0,-0.5502079870438897,1.707499689688721,3,-0.32789331844000197,-0.6154915796172451,-0.6791456840737199,-0.3148734873096303,0.0,0.0,1.0,0.0,1.0,0.0,0.0,0.0,0.0,1.0,0.0,1.0,0.0,0.0,0.0,0.0,0.0,0.0,0.0,1.0,0.0
-1.1961773664814839,Yes,0.8516070319183144,-0.14714972001373974,3,4,-1.3724266443035866,2,2,1,-0.25007277421683266,-1.580959516149192,6,0.4893759527060795,3,3,0.0,0,-0.678773515728442,-0.6201892226844657,2,-0.4911735278257753,-0.33939373950819707,-0.3687152874355457,-0.5952272282818631,0.0,1.0,0.0,1.0,0.0,0.0,0.0,0.0,1.0,1.0,0.0,0.0,0.0,0.0,0.0,0.0,1.0,0.0,0.0,1.0,0.0
0.33684855220010396,No,-0.8788063249613679,0.8400041347276065,3,3,0.8910731041795485,3,3,4,0.30640881467287784,0.7919336397119704,6,-0.057267398720923963,3,4,0.0,0,0.8640128284861845,-0.6201892226844657,2,-0.4911735278257753,-0.6154915796172451,0.2521455058408027,-0.3148734873096303,0.0,1.0,1.0,0.0,1.0,0.0,0.0,0.0,0.0,0.0,0.0,0.0,0.0,1.0,0.0,0.0,0.0,0.0,0.0,1.0,1.0
-0.5391662584750891,No,0.6433624445574357,-0.8875151110697495,3,3,0.448214457737196,3,1,2,-0.8781596687406906,-1.4555970016367448,1,-0.6039107501479274,3,3,0.0,1,-0.42164245835933756,0.9316033855643254,3,0.16194730971731802,-1.1676872598353414,-0.6791456840737199,0.8065414765793012,0.0,1.0,1.0,0.0,0.0,0.0,1.0,0.0,0.0,0.0,0.0,1.0,0.0,0.0,0.0,0.0,0.0,0.0,1.0,0.0,0.0
0.7748559575377005,No,-0.4400052301652307,-0.6407266473844129,3,4,-0.7819484490471167,3,2,2,-0.1210982326146737,-1.281185700616625,9,-0.8772324258614291,3,4,0.0,0,-0.16451140099023315,-0.6201892226844657,2,-0.32789331844000197,-0.6154915796172451,-0.058284890797371494,-0.3148734873096303,0.0,1.0,1.0,0.0,0.0,0.0,1.0,0.0,0.0,1.0,0.0,0.0,0.0,0.0,0.0,0.0,0.0,0.0,0.0,1.0,0.0
-0.2106607044718917,No,0.1971240430698386,-0.7641208792270812,4,4,1.2847252343505287,3,3,4,0.28048641916140604,-1.0542120897000309,6,-0.6039107501479274,3,2,0.0,1,0.09261965637887129,-0.6201892226844657,3,0.48850772848886465,1.3171933011460915,-0.6791456840737199,1.086895217551534,0.0,1.0,0.0,1.0,1.0,0.0,0.0,0.0,0.0,1.0,0.0,0.0,0.0,0.0,0.0,0.0,1.0,0.0,0.0,0.0,0.0
0.7748559575377005,No,1.6473988479045294,1.3335810620982798,3,4,-0.8311549653184892,3,1,2,-0.6550570844206464,0.961988171729976,1,-0.6039107501479274,3,3,0.0,0,-0.678773515728442,0.1557070814399298,2,-0.32789331844000197,-0.6154915796172451,-0.3687152874355457,-0.3148734873096303,0.0,1.0,1.0,0.0,1.0,0.0,0.0,0.0,0.0,1.0,0.0,0.0,0.0,0.0,0.0,1.0,0.0,0.0,0.0,1.0,0.0
0.008342998196906572,No,1.280491717792505,-0.3939381836990763,3,3,-0.7327419327757442,4,2,1,-0.1123866078936053,0.37775950264001795,4,-0.6039107501479274,3,1,0.0,2,0.2211851850634235,-0.6201892226844657,3,-0.0013328996684553085,0.7649976209279952,1.1834366957553253,0.8065414765793012,0.0,1.0,1.0,0.0,0.0,0.0,1.0,0.0,0.0,1.0,0.0,0.0,0.0,0.0,0.0,1.0,0.0,0.0,0.0,0.0,1.0
-0.10115885313749257,No,0.2268732698356784,-1.0109093429124179,4,4,-1.6184592256604493,2,2,3,-0.45235245066700613,0.15429941511222545,0,-0.057267398720923963,3,3,0.0,0,-0.9359045730975464,2.4833959938131165,3,-0.6544537372115486,-0.6154915796172451,-0.3687152874355457,-0.5952272282818631,0.0,0.0,1.0,0.0,0.0,0.0,1.0,0.0,0.0,0.0,0.0,0.0,0.0,1.0,0.0,0.0,0.0,0.0,1.0,0.0,0.0
0.11784484953130571,No,1.4317169538521908,-0.02375548817107146,2,3,0.448214457737196,3,1,4,-0.8955829181828274,-1.1234987709272017,1,-0.8772324258614291,3,3,0.0,0,-1.193035630466651,0.1557070814399298,3,-0.8177339465973219,-0.6154915796172451,-0.058284890797371494,-0.8755809692540959,0.0,1.0,1.0,0.0,1.0,0.0,0.0,0.0,0.0,0.0,0.0,1.0,0.0,0.0,0.0,0.0,0.0,0.0,0.0,1.0,0.0
0.8843578088720997,No,-0.03591156659590658,1.827157989468953,4,2,-1.4708396768463317,3,1,2,-0.9191680485252322,-0.8425574407586123,1,0.21605427699257776,3,1,0.0,0,-0.678773515728442,0.1557070814399298,3,-0.16461310905422863,-0.33939373950819707,-0.6791456840737199,-0.0345197463373974,0.0,1.0,0.0,0.0,0.0,0.0,1.0,0.0,0.0,1.0,1.0,0.0,0.0,0.0,0.0,0.0,0.0,0.0,0.0,1.0,0.0
-1.4151810691502822,Yes,1.2011604464169323,-0.270543951856408,3,1,-0.5359158676902541,3,1,3,-0.7685206844462689,-0.020392967778998468,1,0.21605427699257776,3,4,0.0,1,-0.678773515728442,0.9316033855643254,3,-0.16461310905422863,-0.33939373950819707,-0.3687152874355457,-0.5952272282818631,1.0,0.0,1.0,0.0,1.0,0.0,0.0,0.0,0.0,0.0,0.0,1.0,0.0,0.0,0.0,0.0,0.0,0.0,1.0,0.0,1.0
-0.6486681098094882,No,1.0648098237401664,-0.270543951856408,4,3,-1.3232201280322142,3,3,4,0.13600093598271068,1.6021521331696582,1,-0.3305890744344257,3,3,0.0,0,-0.03594587230568093,-0.6201892226844657,2,0.651787937874638,1.3171933011460915,0.5625759024789769,1.6476026994959998,0.0,1.0,1.0,0.0,0.0,0.0,1.0,0.0,0.0,0.0,0.0,0.0,0.0,1.0,0.0,0.0,0.0,0.0,0.0,1.0,1.0
-0.6486681098094882,No,-0.2763844829531117,-0.5173324155417446,4,3,0.9894861367222936,3,1,4,-0.3573744933421873,-0.5953459351225199,0,-0.8772324258614291,3,3,0.0,1,-0.678773515728442,0.9316033855643254,3,-0.32789331844000197,-0.6154915796172451,-0.6791456840737199,-0.3148734873096303,0.0,1.0,1.0,0.0,0.0,0.0,0.0,0.0,1.0,1.0,0.0,0.0,0.0,0.0,0.0,1.0,0.0,0.0,1.0,0.0,1.0
-0.42966440714069,Yes,-0.8366615870430948,-0.8875151110697495,2,1,-1.3232201280322142,3,1,1,-0.806554363106543,1.011318040108753,7,1.3093409798465847,4,1,0.0,0,0.2211851850634235,0.1557070814399298,4,0.32522751910309133,0.7649976209279952,-0.3687152874355457,0.8065414765793012,0.0,1.0,1.0,0.0,1.0,0.0,0.0,0.0,0.0,0.0,0.0,1.0,0.0,0.0,0.0,0.0,0.0,0.0,1.0,0.0,0.0
-0.5391662584750891,No,-0.7622885201284952,0.09963874367159682,3,3,-0.09305722124790157,3,3,4,1.0073758867412836,0.9499016512724979,2,2.675949358414093,4,2,0.0,0,-0.16451140099023315,1.707499689688721,4,-0.32789331844000197,-0.6154915796172451,-0.6791456840737199,-1.1559347102263289,0.0,1.0,1.0,0.0,0.0,0.0,1.0,0.0,0.0,1.0,0.0,0.0,1.0,0.0,0.0,0.0,0.0,0.0,0.0,1.0,0.0
-1.1961773664814839,Yes,-0.5639603416895632,-0.7641208792270812,1,3,0.349801425194451,3,1,1,-0.7226252956718597,-1.086536504877007,0,1.855984331273588,4,3,0.0,0,-0.5502079870438897,-0.6201892226844657,3,-0.16461310905422863,-0.063295899399149,-0.6791456840737199,-0.0345197463373974,1.0,0.0,1.0,0.0,0.0,0.0,0.0,0.0,1.0,1.0,0.0,0.0,0.0,0.0,0.0,1.0,0.0,0.0,0.0,1.0,0.0
0.4463504035345031,No,-0.016078748752013372,-0.6407266473844129,1,3,0.743453555365431,3,3,3,0.8380304013097833,1.706855130155951,0,-0.6039107501479274,3,4,0.0,1,1.5068404719089457,0.1557070814399298,4,2.4478702411181446,2.6976825016913315,3.3564494722225446,0.24583399463483546,0.0,1.0,0.0,1.0,0.0,1.0,0.0,0.0,0.0,0.0,0.0,0.0,0.0,0.0,0.0,0.0,1.0,0.0,0.0,0.0,1.0
0.33684855220010396,No,1.337511069093698,-0.02375548817107146,2,1,-0.9295679978612341,3,2,1,-0.21883841241202642,0.7071874555740717,0,-0.8772324258614291,3,4,0.0,0,-0.2930769296747854,1.707499689688721,4,0.16194730971731802,-0.063295899399149,1.4938670923934996,-0.8755809692540959,0.0,1.0,0.0,1.0,0.0,0.0,1.0,0.0,0.0,1.0,0.0,0.0,0.0,0.0,0.0,0.0,1.0,0.0,1.0,0.0,0.0
-0.8676718124782865,No,1.7192928125886422,-1.0109093429124179,1,4,-1.2248070954894692,3,2,3,-0.46403877651234177,1.6822604664343386,1,-0.6039107501479274,3,1,0.0,1,-0.16451140099023315,-1.3960855268088614,3,0.48850772848886465,0.7649976209279952,-0.6791456840737199,1.3672489585237668,0.0,0.0,1.0,0.0,0.0,0.0,0.0,0.0,1.0,1.0,0.0,0.0,0.0,1.0,0.0,0.0,0.0,0.0,1.0,0.0,0.0
-0.2106607044718917,No,0.12523007838572572,1.0867925984129432,5,2,0.251388392651706,3,3,1,0.5452348192211919,-0.4612698826058444,1,1.855984331273588,4,4,0.0,1,-0.2930769296747854,0.1557070814399298,2,0.32522751910309133,1.0410954610370433,-0.3687152874355457,1.086895217551534,1.0,0.0,0.0,1.0,1.0,0.0,0.0,0.0,0.0,1.0,0.0,0.0,0.0,0.0,0.0,0.0,1.0,0.0,1.0,0.0,0.0
1.2128633628752972,No,0.7574011471598217,0.7166099028849382,4,3,-0.043850704976529056,3,1,1,-0.8787971046958908,0.31156472199499263,8,-0.8772324258614291,3,4,0.0,1,-0.16451140099023315,0.1557070814399298,2,0.16194730971731802,-0.6154915796172451,1.4938670923934996,0.5261877356070683,0.0,1.0,1.0,0.0,0.0,0.0,0.0,1.0,0.0,0.0,0.0,0.0,0.0,0.0,0.0,1.0,0.0,0.0,1.0,0.0,0.0
0.33684855220010396,No,-1.0746554011698133,-0.14714972001373974,2,2,1.2847252343505287,3,2,1,0.0027768213458842232,-1.303110086562748,2,0.21605427699257776,3,2,0.0,1,0.8640128284861845,0.1557070814399298,3,-0.9810141559830953,-1.1676872598353414,-0.6791456840737199,-1.1559347102263289,0.0,1.0,1.0,0.0,1.0,0.0,0.0,0.0,0.0,0.0,0.0,0.0,0.0,1.0,0.0,0.0,0.0,0.0,1.0,0.0,1.0
0.33684855220010396,No,1.2333887754132586,1.827157989468953,2,1,-0.19147025379064658,3,2,4,-0.6765174282457173,1.4242273087607367,1,0.4893759527060795,3,1,0.0,2,-0.2930769296747854,0.1557070814399298,3,0.32522751910309133,1.0410954610370433,0.5625759024789769,0.8065414765793012,0.0,1.0,1.0,0.0,0.0,0.0,0.0,0.0,1.0,1.0,0.0,0.0,0.0,0.0,0.0,1.0,0.0,0.0,0.0,0.0,0.0
-0.10115885313749257,No,1.4713825895399772,-0.5173324155417446,2,4,-0.19147025379064658,3,2,2,-0.12513532699760785,-0.6138973386153932,8,0.21605427699257776,3,4,0.0,0,0.6068817711170802,0.1557070814399298,4,0.9783483566461847,1.8693889813641875,0.2521455058408027,0.8065414765793012,0.0,1.0,1.0,0.0,1.0,0.0,0.0,0.0,0.0,1.0,0.0,1.0,0.0,0.0,0.0,0.0,0.0,0.0,0.0,1.0,0.0
-0.8676718124782865,No,1.1912440374949855,1.7037637576262845,3,4,-0.5851223839616266,3,1,4,-0.9140685608836311,0.5417707744292845,9,0.21605427699257776,3,4,0.0,0,-0.678773515728442,0.9316033855643254,3,-0.6544537372115486,-0.6154915796172451,-0.3687152874355457,-0.5952272282818631,0.0,1.0,1.0,0.0,1.0,0.0,0.0,0.0,0.0,1.0,0.0,0.0,0.0,0.0,0.0,1.0,0.0,0.0,0.0,1.0,0.0
1.869874470881692,No,-1.6051832784939566,-0.02375548817107146,2,1,0.05456232756621595,3,2,3,-0.7661834192772018,1.146940042916501,3,-1.1505541015749308,3,3,0.0,2,-0.2930769296747854,2.4833959938131165,2,-0.4911735278257753,-0.33939373950819707,-0.058284890797371494,-0.3148734873096303,0.0,1.0,1.0,0.0,1.0,0.0,0.0,0.0,0.0,0.0,0.0,0.0,0.0,0.0,0.0,1.0,0.0,0.0,1.0,0.0,0.0
1.979376322216091,No,-0.8688899160394212,-1.0109093429124179,3,4,0.743453555365431,3,5,1,2.664921848913346,0.649987294804379,0,-0.3305890744344257,3,3,0.0,0,3.3067578734926766,-0.6201892226844657,3,4.733793172518971,1.5932911412551394,0.5625759024789769,2.488663922412698,0.0,1.0,1.0,0.0,0.0,0.0,1.0,0.0,0.0,1.0,0.0,0.0,1.0,0.0,0.0,0.0,0.0,0.0,0.0,1.0,1.0
-0.7581699611438873,No,0.13018828284669903,-0.270543951856408,4,4,0.349801425194451,3,2,1,-0.36629859671498904,-0.218134064100762,7,-0.3305890744344257,3,2,0.0,2,-0.42164245835933756,0.1557070814399298,3,-0.6544537372115486,-0.6154915796172451,-0.6791456840737199,-0.5952272282818631,0.0,1.0,0.0,1.0,0.0,1.0,0.0,0.0,0.0,0.0,0.0,0.0,0.0,0.0,0.0,0.0,1.0,0.0,0.0,0.0,0.0
-1.1961773664814839,No,1.5879003943728498,1.7037637576262845,3,3,-0.9295679978612341,2,2,4,-0.4984603180931486,1.0010585518134516,7,1.036019304133083,3,3,0.0,1,-0.8073390444129942,-0.6201892226844657,2,-0.8177339465973219,-0.6154915796172451,-0.6791456840737199,-1.1559347102263289,0.0,1.0,0.0,1.0,0.0,1.0,0.0,0.0,0.0,0.0,0.0,0.0,0.0,0.0,0.0,0.0,1.0,0.0,1.0,0.0,1.0
0.11784484953130571,No,-1.6671608342561228,-0.8875151110697495,2,4,-1.6676657419318217,3,3,2,0.1801964955432528,0.8862366074674098,7,0.21605427699257776,3,3,0.0,0,-0.16451140099023315,-0.6201892226844657,3,-0.9810141559830953,-1.1676872598353414,-0.6791456840737199,-1.1559347102263289,0.0,1.0,0.0,1.0,0.0,1.0,0.0,0.0,0.0,1.0,0.0,0.0,0.0,0.0,0.0,0.0,1.0,0.0,0.0,1.0,0.0
0.33684855220010396,No,0.8292951118439346,-1.0109093429124179,4,1,1.5799643319787637,3,4,1,2.192794284761786,0.6574359643886387,2,-1.1505541015749308,3,1,0.0,1,1.3782749432243935,0.1557070814399298,3,1.9580296129608246,0.7649976209279952,2.7355886789461965,3.329725145329397,0.0,1.0,1.0,0.0,1.0,0.0,0.0,0.0,0.0,1.0,0.0,0.0,1.0,0.0,0.0,0.0,0.0,0.0,0.0,0.0,0.0
1.103361511540898,No,-0.5738767506115098,0.59321567104227,3,3,0.5958340065513135,3,2,3,-0.40624458324086365,1.3895136976793752,3,0.4893759527060795,3,3,0.0,1,-0.03594587230568093,0.9316033855643254,2,-0.32789331844000197,-0.063295899399149,-0.3687152874355457,-0.5952272282818631,0.0,1.0,0.0,1.0,0.0,0.0,1.0,0.0,0.0,0.0,0.0,0.0,0.0,0.0,0.0,0.0,1.0,0.0,1.0,0.0,1.0
0.008342998196906572,No,1.04745610812676,0.09963874367159682,2,4,0.6942470390940585,4,1,4,-0.38733398323659324,0.1291425876484048,3,0.4893759527060795,3,1,0.0,0,-0.9359045730975464,-0.6201892226844657,3,-0.9810141559830953,-1.1676872598353414,-0.6791456840737199,-1.1559347102263289,0.0,1.0,1.0,0.0,1.0,0.0,0.0,0.0,0.0,1.0,0.0,0.0,0.0,0.0,0.0,1.0,0.0,0.0,0.0,1.0,0.0
-0.7581699611438873,No,0.7772339650037149,-0.8875151110697495,3,3,-0.8311549653184892,3,1,4,-0.8369388103044157,-1.0023524844813168,0,-0.3305890744344257,3,3,0.0,0,0.09261965637887129,-0.6201892226844657,2,0.651787937874638,0.7649976209279952,1.1834366957553253,0.8065414765793012,0.0,0.0,1.0,0.0,0.0,0.0,1.0,0.0,0.0,0.0,0.0,1.0,0.0,0.0,0.0,0.0,0.0,0.0,0.0,1.0,0.0
-1.7436866231534796,Yes,1.3176782512498049,0.09963874367159682,3,3,-1.4708396768463317,2,1,1,-1.080864302494331,0.4138785230769001,1,-0.6039107501479274,3,1,0.0,0,-1.3216011591512031,2.4833959938131165,2,-0.9810141559830953,-1.1676872598353414,-0.3687152874355457,-1.1559347102263289,0.0,1.0,1.0,0.0,1.0,0.0,0.0,0.0,0.0,0.0,0.0,1.0,0.0,0.0,0.0,0.0,0.0,0.0,0.0,1.0,0.0
-0.42966440714069,Yes,-1.6969100610219627,0.8400041347276065,3,1,0.15297536010896096,3,2,1,-0.25049773152029936,1.7137416359980024,5,-0.057267398720923963,3,3,0.0,0,-0.678773515728442,0.1557070814399298,3,-0.6544537372115486,-0.6154915796172451,-0.6791456840737199,-0.5952272282818631,0.0,1.0,0.0,1.0,0.0,1.0,0.0,0.0,0.0,0.0,0.0,0.0,0.0,0.0,0.0,0.0,1.0,0.0,0.0,1.0,0.0
0.33684855220010396,No,-0.028474259904446627,-0.8875151110697495,2,3,-1.3724266443035866,4,2,2,-0.47997467539234495,-0.6158649117131222,1,2.4026276827005915,4,4,0.0,1,-0.42164245835933756,-0.6201892226844657,3,0.16194730971731802,0.7649976209279952,0.2521455058408027,0.8065414765793012,1.0,0.0,1.0,0.0,0.0,0.0,1.0,0.0,0.0,0.0,0.0,0.0,0.0,0.0,0.0,0.0,0.0,0.0,1.0,0.0,0.0
-0.7581699611438873,No,1.4763407940009505,1.5803695257836163,4,3,0.15297536010896096,3,3,1,0.4056363450323642,-1.6054136389352522,0,-1.1505541015749308,3,3,0.0,0,-0.16451140099023315,0.1557070814399298,3,0.32522751910309133,1.0410954610370433,1.4938670923934996,1.086895217551534,0.0,0.0,0.0,1.0,0.0,0.0,0.0,1.0,0.0,0.0,0.0,0.0,0.0,0.0,0.0,0.0,1.0,0.0,1.0,0.0,0.0
0.7748559575377005,No,-1.0449061744039736,1.827157989468953,3,1,-0.8311549653184892,1,1,3,-0.5938632327214343,-1.7158788142791799,2,-0.3305890744344257,3,3,0.0,0,-0.2930769296747854,1.707499689688721,3,-0.32789331844000197,-0.6154915796172451,-0.3687152874355457,-0.0345197463373974,0.0,0.0,1.0,0.0,0.0,0.0,1.0,0.0,0.0,1.0,0.0,1.0,0.0,0.0,0.0,0.0,0.0,0.0,0.0,1.0,0.0
0.7748559575377005,Yes,0.29132992782833134,1.827157989468953,3,4,-1.1263940629467242,3,1,3,-0.7100890552195906,0.7879984935165124,3,1.855984331273588,4,4,0.0,1,0.9925783571707368,-2.171981830933257,1,-0.9810141559830953,-1.1676872598353414,-0.6791456840737199,-1.1559347102263289,1.0,0.0,1.0,0.0,1.0,0.0,0.0,0.0,0.0,1.0,0.0,1.0,0.0,0.0,0.0,0.0,0.0,0.0,0.0,0.0,1.0
-0.42966440714069,No,-0.5366902171542101,-1.0109093429124179,3,1,-0.8803614815898617,4,2,1,-0.5239577563011537,1.0544641073232386,1,1.855984331273588,4,1,0.0,1,-0.2930769296747854,1.707499689688721,3,0.32522751910309133,1.0410954610370433,-0.6791456840737199,1.086895217551534,0.0,1.0,0.0,1.0,0.0,0.0,1.0,0.0,0.0,1.0,0.0,0.0,0.0,0.0,0.0,0.0,1.0,0.0,0.0,0.0,0.0
-0.10115885313749257,No,-0.6036259773773496,0.3464272073569334,4,3,0.4974209740085685,3,2,3,-0.3909461203160606,-0.2659179821884661,9,-0.8772324258614291,3,2,0.0,2,-0.5502079870438897,-0.6201892226844657,3,-0.6544537372115486,-0.6154915796172451,-0.3687152874355457,-0.8755809692540959,0.0,1.0,1.0,0.0,1.0,0.0,0.0,0.0,0.0,0.0,0.0,0.0,0.0,1.0,0.0,0.0,0.0,0.0,1.0,0.0,1.0
0.33684855220010396,No,-0.20449051826899883,0.8400041347276065,4,1,-0.7327419327757442,2,2,3,-0.2993678214189758,-0.327474911960273,6,-0.3305890744344257,3,4,0.0,0,-0.16451140099023315,2.4833959938131165,3,-0.9810141559830953,-1.1676872598353414,-0.6791456840737199,-1.1559347102263289,1.0,0.0,1.0,0.0,0.0,0.0,1.0,0.0,0.0,1.0,0.0,1.0,0.0,0.0,0.0,0.0,0.0,0.0,0.0,1.0,0.0
0.008342998196906572,No,-1.1415911613929528,0.8400041347276065,4,4,0.005355811294843447,2,2,3,-0.03589429326959012,1.4398273526070164,4,1.036019304133083,3,4,0.0,2,-0.2930769296747854,-0.6201892226844657,3,-0.9810141559830953,-1.1676872598353414,-0.6791456840737199,-1.1559347102263289,0.0,1.0,0.0,1.0,0.0,1.0,0.0,0.0,0.0,1.0,0.0,0.0,0.0,0.0,0.0,0.0,1.0,0.0,0.0,0.0,0.0
-0.6486681098094882,No,-0.7994750535857951,-0.270543951856408,2,2,-1.7168722582031943,3,2,1,-0.46680099898487565,-1.4274888145263307,1,-0.8772324258614291,3,2,0.0,1,0.2211851850634235,1.707499689688721,1,0.9783483566461847,1.5932911412551394,0.2521455058408027,2.2083101814404653,0.0,1.0,1.0,0.0,0.0,0.0,1.0,0.0,0.0,0.0,0.0,0.0,0.0,1.0,0.0,0.0,0.0,0.0,1.0,0.0,0.0
0.8843578088720997,No,-0.5292529104627501,-0.8875151110697495,4,3,0.05456232756621595,3,2,3,-0.28661910231497323,0.7521605549507344,4,1.855984331273588,4,2,0.0,2,-0.16451140099023315,0.1557070814399298,4,0.16194730971731802,0.7649976209279952,0.8730062991171511,0.8065414765793012,0.0,0.0,0.0,1.0,1.0,0.0,0.0,0.0,0.0,0.0,0.0,0.0,0.0,0.0,0.0,0.0,1.0,0.0,1.0,0.0,0.0
-0.7581699611438873,No,0.12275097615523907,0.09963874367159682,3,3,0.3005949089230785,2,2,3,0.015950497753353506,-1.6312731710768333,1,0.7626976284195812,3,1,0.0,1,-0.16451140099023315,0.1557070814399298,3,0.48850772848886465,-0.33939373950819707,-0.3687152874355457,-0.0345197463373974,0.0,1.0,0.0,1.0,0.0,1.0,0.0,0.0,0.0,1.0,0.0,0.0,0.0,0.0,0.0,0.0,1.0,0.0,1.0,0.0,0.0
0.5558522548689022,No,-0.6408125108346494,-0.8875151110697495,1,3,-0.6835354165043717,3,1,3,-0.8088916282756102,1.3637947064733462,0,-1.1505541015749308,3,3,0.0,1,-0.9359045730975464,1.707499689688721,3,-0.6544537372115486,-0.6154915796172451,-0.3687152874355457,-1.1559347102263289,0.0,1.0,0.0,0.0,0.0,0.0,0.0,0.0,1.0,1.0,1.0,0.0,0.0,0.0,0.0,0.0,0.0,0.0,0.0,0.0,1.0
-0.6486681098094882,Yes,1.592858598833823,-1.0109093429124179,5,3,1.6783773645215088,4,3,2,0.20038196745792344,-0.7564058472651929,1,-1.1505541015749308,3,1,0.0,0,-0.16451140099023315,-0.6201892226844657,3,0.48850772848886465,1.0410954610370433,0.5625759024789769,0.8065414765793012,1.0,0.0,1.0,0.0,1.0,0.0,0.0,0.0,0.0,0.0,0.0,0.0,0.0,1.0,0.0,0.0,0.0,0.0,0.0,1.0,0.0
-0.3201625558062908,No,-1.282899988530692,2.4441291486822943,3,2,0.9894861367222936,3,2,3,-0.22818747308829496,0.4466245610605326,4,-0.6039107501479274,3,1,0.0,2,-0.16451140099023315,-1.3960855268088614,3,0.16194730971731802,0.7649976209279952,1.4938670923934996,0.8065414765793012,0.0,1.0,1.0,0.0,0.0,0.0,1.0,0.0,0.0,1.0,0.0,1.0,0.0,0.0,0.0,0.0,0.0,0.0,1.0,0.0,0.0
0.22734670086570485,No,-0.977970414180834,-0.8875151110697495,4,4,0.6942470390940585,2,2,3,-0.4143187720067319,0.9366908033306033,1,-1.1505541015749308,3,1,0.0,0,1.121143885855289,0.9316033855643254,3,2.1213098223465976,0.7649976209279952,2.7355886789461965,1.6476026994959998,0.0,1.0,1.0,0.0,0.0,0.0,0.0,0.0,1.0,0.0,0.0,0.0,0.0,0.0,0.0,0.0,0.0,0.0,0.0,1.0,0.0
0.8843578088720997,No,0.6185714222525692,-0.3939381836990763,3,4,-0.4375028351475091,2,3,4,0.5018891742675833,0.35513241201613455,6,-0.8772324258614291,3,4,0.0,0,1.5068404719089457,-0.6201892226844657,3,1.9580296129608246,0.7649976209279952,3.0460190755843706,1.086895217551534,0.0,0.0,0.0,1.0,0.0,0.0,1.0,0.0,0.0,0.0,0.0,0.0,0.0,0.0,0.0,0.0,1.0,0.0,0.0,1.0,0.0
1.103361511540898,No,-0.24663525618727192,0.59321567104227,4,4,-1.1756005792180968,3,2,1,-0.32783996075124805,-0.3496803797775002,2,-0.8772324258614291,3,4,0.0,0,1.121143885855289,-0.6201892226844657,3,-0.0013328996684553085,0.7649976209279952,-0.3687152874355457,0.8065414765793012,0.0,1.0,0.0,1.0,0.0,1.0,0.0,0.0,0.0,1.0,0.0,0.0,0.0,0.0,0.0,0.0,1.0,0.0,0.0,1.0,0.0
0.008342998196906572,Yes,0.8392115207658811,0.2230329755142651,2,1,-0.2406767700620191,1,2,2,-0.3667235540184558,0.009682792429144669,5,-0.057267398720923963,3,1,0.0,0,0.4783162424325279,-0.6201892226844657,1,-0.9810141559830953,-1.1676872598353414,-0.6791456840737199,-1.1559347102263289,0.0,1.0,1.0,0.0,0.0,0.0,1.0,0.0,0.0,0.0,0.0,0.0,0.0,0.0,0.0,0.0,0.0,0.0,1.0,0.0,0.0
-0.3201625558062908,No,-0.9878868231027805,-0.8875151110697495,4,3,1.5799643319787637,3,2,4,0.039110670792291434,-1.1454231568733246,1,-1.1505541015749308,3,4,0.0,0,0.34975071374797573,-0.6201892226844657,4,1.141628566031958,1.8693889813641875,0.5625759024789769,1.9279564404682326,0.0,1.0,1.0,0.0,0.0,0.0,0.0,0.0,1.0,0.0,0.0,0.0,0.0,0.0,0.0,0.0,0.0,0.0,0.0,1.0,0.0
-1.6341847718190805,No,-0.5490857283066433,-1.0109093429124179,2,4,-0.14226373751927407,3,1,3,-0.6646186237486482,0.465316505488958,0,-0.8772324258614291,3,4,0.0,0,-0.9359045730975464,-0.6201892226844657,4,-0.6544537372115486,-0.6154915796172451,-0.3687152874355457,-0.5952272282818631,0.0,1.0,1.0,0.0,1.0,0.0,0.0,0.0,0.0,1.0,0.0,0.0,0.0,0.0,0.0,1.0,0.0,0.0,0.0,1.0,0.0
-0.6486681098094882,No,0.49709541295872334,-0.5173324155417446,3,1,-0.7327419327757442,3,2,3,0.3916127540179614,0.9317718705862807,1,1.036019304133083,3,3,0.0,1,-0.678773515728442,0.1557070814399298,3,-0.32789331844000197,-0.6154915796172451,-0.6791456840737199,-0.5952272282818631,0.0,1.0,0.0,1.0,0.0,0.0,0.0,0.0,1.0,1.0,0.0,0.0,0.0,0.0,0.0,0.0,1.0,0.0,1.0,0.0,0.0
0.11784484953130571,No,-0.24911435841775856,-1.0109093429124179,4,1,-0.3390898026047641,2,2,4,0.4638554956073091,-0.19438264599246205,4,1.855984331273588,4,3,0.0,0,0.09261965637887129,-0.6201892226844657,4,0.16194730971731802,-0.33939373950819707,-0.6791456840737199,0.8065414765793012,0.0,1.0,0.0,1.0,1.0,0.0,0.0,0.0,0.0,0.0,0.0,0.0,0.0,0.0,0.0,0.0,1.0,0.0,0.0,1.0,0.0
-0.5391662584750891,No,-0.6779990442919491,-0.8875151110697495,3,4,0.5958340065513135,3,1,1,-0.8634986417710877,-0.4251508621689622,1,-0.3305890744344257,3,4,0.0,0,-0.9359045730975464,0.9316033855643254,3,-0.4911735278257753,-0.6154915796172451,-0.3687152874355457,-0.5952272282818631,0.0,1.0,1.0,0.0,0.0,0.0,0.0,0.0,1.0,1.0,0.0,0.0,0.0,0.0,0.0,1.0,0.0,0.0,0.0,1.0,0.0
-1.1961773664814839,No,-1.5134564959659504,-1.0109093429124179,2,1,-0.3390898026047641,2,1,1,-0.5413810057432905,-0.4458103796951166,1,0.21605427699257776,3,1,0.0,2,-0.678773515728442,-0.6201892226844657,3,-0.32789331844000197,-0.33939373950819707,-0.3687152874355457,-0.3148734873096303,0.0,1.0,1.0,0.0,0.0,0.0,1.0,0.0,0.0,1.0,0.0,1.0,0.0,0.0,0.0,0.0,0.0,0.0,1.0,0.0,0.0
-0.10115885313749257,No,0.10539726054183252,-1.0109093429124179,5,4,-1.0279810304039791,3,2,4,0.03188639663335667,0.1353263888126959,4,-0.057267398720923963,3,2,0.0,0,-0.5502079870438897,2.4833959938131165,3,-0.9810141559830953,-1.1676872598353414,-0.6791456840737199,-1.1559347102263289,0.0,0.0,0.0,1.0,0.0,0.0,1.0,0.0,0.0,0.0,0.0,0.0,0.0,0.0,0.0,0.0,1.0,0.0,0.0,1.0,0.0
0.4463504035345031,No,0.28637172336735806,-0.3939381836990763,3,4,-1.5200461931177043,3,3,3,0.5817811473193325,0.21866716359507385,1,-0.8772324258614291,3,2,0.0,0,-0.16451140099023315,0.1557070814399298,3,0.48850772848886465,1.0410954610370433,1.8042974890316739,0.8065414765793012,0.0,1.0,0.0,1.0,0.0,1.0,0.0,0.0,0.0,1.0,0.0,0.0,0.0,0.0,0.0,0.0,1.0,0.0,0.0,1.0,0.0
-1.6341847718190805,No,-0.6656035331395159,0.7166099028849382,3,2,-0.3390898026047641,3,1,4,-0.7717078642222696,1.3311892094252658,1,-0.057267398720923963,3,3,0.0,0,-1.3216011591512031,1.707499689688721,3,-1.1442943653688686,-1.1676872598353414,-0.6791456840737199,-1.1559347102263289,0.0,1.0,1.0,0.0,0.0,0.0,1.0,0.0,0.0,0.0,0.0,1.0,0.0,0.0,0.0,0.0,0.0,0.0,0.0,1.0,0.0
-0.9771736638126857,No,-0.04830707774833983,-1.0109093429124179,2,3,-1.1756005792180968,2,2,4,0.07034503259709764,0.6945387713743854,1,-0.8772324258614291,3,3,0.0,1,-0.5502079870438897,-0.6201892226844657,3,-0.0013328996684553085,0.7649976209279952,-0.6791456840737199,0.8065414765793012,1.0,0.0,0.0,1.0,1.0,0.0,0.0,0.0,0.0,1.0,0.0,0.0,0.0,0.0,0.0,0.0,1.0,0.0,1.0,0.0,1.0
2.08887817355049,No,-0.33588293648479134,-1.0109093429124179,4,3,-0.4375028351475091,3,2,3,-0.041843695518124634,1.6756550424633911,1,1.5826626555600865,4,1,0.0,1,0.2211851850634235,-0.6201892226844657,2,0.9783483566461847,2.1454868214732357,-0.3687152874355457,1.3672489585237668,0.0,0.0,1.0,0.0,1.0,0.0,0.0,0.0,0.0,1.0,0.0,0.0,0.0,0.0,0.0,0.0,0.0,0.0,0.0,0.0,0.0
-1.1961773664814839,No,-0.04086977105687988,-0.270543951856408,3,4,0.4974209740085685,3,1,4,-0.8356639383940155,-0.3356262862222931,1,1.3093409798465847,4,3,0.0,0,-0.5502079870438897,1.707499689688721,3,-0.0013328996684553085,0.7649976209279952,0.8730062991171511,0.8065414765793012,0.0,0.0,1.0,0.0,0.0,0.0,1.0,0.0,0.0,1.0,0.0,1.0,0.0,0.0,0.0,0.0,0.0,0.0,0.0,1.0,0.0
-1.3056792178158831,No,0.1971240430698386,1.2101868302556114,1,4,0.05456232756621595,3,1,4,-0.6021499001390359,-0.7361679525456948,3,-1.1505541015749308,3,3,0.0,3,-0.5502079870438897,2.4833959938131165,2,-0.6544537372115486,-0.6154915796172451,-0.3687152874355457,-0.5952272282818631,0.0,1.0,1.0,0.0,0.0,0.0,1.0,0.0,0.0,1.0,0.0,1.0,0.0,0.0,0.0,0.0,0.0,0.0,1.0,0.0,0.0
-2.072192177156677,No,-1.2779417840697187,-0.5173324155417446,2,2,0.349801425194451,3,1,4,-1.158419010377013,-0.11525809927664622,1,-0.057267398720923963,3,4,0.0,0,-1.4501666878357553,-0.6201892226844657,3,-1.1442943653688686,-1.1676872598353414,-0.6791456840737199,-1.1559347102263289,0.0,0.0,1.0,0.0,1.0,0.0,0.0,0.0,0.0,1.0,0.0,0.0,0.0,0.0,0.0,1.0,0.0,0.0,0.0,1.0,0.0
-1.1961773664814839,No,0.3235582568246578,-1.0109093429124179,3,3,-0.4375028351475091,3,2,3,-0.2564471337688339,0.8211661543068011,1,0.4893759527060795,3,2,0.0,1,-0.42164245835933756,0.1557070814399298,3,0.16194730971731802,0.7649976209279952,1.4938670923934996,0.8065414765793012,0.0,1.0,0.0,1.0,1.0,0.0,0.0,0.0,0.0,1.0,0.0,0.0,0.0,0.0,0.0,0.0,1.0,0.0,1.0,0.0,0.0
0.4463504035345031,No,-0.9308674718015876,0.09963874367159682,4,2,0.349801425194451,2,5,4,2.68531979947975,-0.7662437127538378,3,-0.057267398720923963,3,2,0.0,3,1.5068404719089457,-0.6201892226844657,2,2.284590031732371,0.48889978081894714,3.0460190755843706,0.5261877356070683,0.0,1.0,0.0,0.0,0.0,0.0,0.0,0.0,0.0,1.0,0.0,0.0,1.0,0.0,0.0,0.0,0.0,0.0,0.0,0.0,0.0
0.11784484953130571,No,1.7168137103581556,0.09963874367159682,3,3,0.4974209740085685,3,2,3,0.7056562012798904,1.1047777622508799,3,1.036019304133083,3,3,0.0,1,0.8640128284861845,0.9316033855643254,3,-0.9810141559830953,-1.1676872598353414,-0.6791456840737199,-1.1559347102263289,0.0,1.0,1.0,0.0,0.0,0.0,1.0,0.0,0.0,0.0,0.0,0.0,0.0,0.0,0.0,0.0,0.0,0.0,1.0,0.0,0.0
-1.0866755151470848,No,0.8788771564536676,0.9633983665702748,3,3,-0.7327419327757442,3,1,2,-0.7319743563481284,-0.13338787996286333,0,0.21605427699257776,3,4,0.0,1,-0.678773515728442,0.1557070814399298,2,-0.32789331844000197,-0.6154915796172451,-0.3687152874355457,-0.8755809692540959,0.0,1.0,1.0,0.0,0.0,0.0,0.0,0.0,1.0,1.0,0.0,0.0,0.0,0.0,0.0,1.0,0.0,0.0,1.0,0.0,1.0
-0.5391662584750891,No,1.4143632382387843,-0.5173324155417446,4,4,-0.4867093514188816,2,2,4,0.674846796778551,-0.5867729380538436,8,2.4026276827005915,4,2,0.0,0,-0.42164245835933756,-1.3960855268088614,3,-0.9810141559830953,-1.1676872598353414,-0.6791456840737199,-1.1559347102263289,0.0,1.0,1.0,0.0,1.0,0.0,0.0,0.0,0.0,1.0,0.0,0.0,0.0,1.0,0.0,0.0,0.0,0.0,0.0,1.0,0.0
-1.0866755151470848,No,-0.011120544291040072,-0.3939381836990763,4,1,0.005355811294843447,2,1,3,-0.9170432620078983,-1.307045232758206,0,-0.8772324258614291,3,3,0.0,2,-0.678773515728442,1.707499689688721,2,-0.32789331844000197,-0.33939373950819707,-0.6791456840737199,-0.3148734873096303,0.0,1.0,1.0,0.0,0.0,0.0,1.0,0.0,0.0,0.0,0.0,0.0,0.0,0.0,0.0,1.0,0.0,0.0,0.0,0.0,0.0
1.103361511540898,No,-0.643291613065136,-0.8875151110697495,4,3,1.038692652993666,3,2,2,-0.3240153450200473,-1.5146241945686145,7,-1.1505541015749308,3,4,0.0,1,-0.9359045730975464,0.1557070814399298,1,-0.9810141559830953,-1.1676872598353414,-0.6791456840737199,-1.1559347102263289,0.0,0.0,0.0,1.0,0.0,1.0,0.0,0.0,0.0,1.0,0.0,0.0,0.0,0.0,0.0,0.0,1.0,0.0,1.0,0.0,0.0
-0.2106607044718917,No,0.9408547122158338,0.2230329755142651,2,4,-0.5851223839616266,3,2,4,-0.3261401315373811,0.588430365032572,1,-1.1505541015749308,3,4,0.0,1,-0.8073390444129942,0.1557070814399298,3,-0.32789331844000197,-0.6154915796172451,-0.6791456840737199,-0.5952272282818631,1.0,0.0,0.0,1.0,0.0,1.0,0.0,0.0,0.0,1.0,0.0,0.0,0.0,0.0,0.0,0.0,1.0,0.0,0.0,0.0,0.0
-0.3201625558062908,No,-1.3498357487538315,1.456975293940948,4,4,0.3990079414658235,4,2,4,-0.2477355090477655,0.7881390344520645,1,-0.8772324258614291,3,4,0.0,0,-0.16451140099023315,0.1557070814399298,3,0.48850772848886465,0.7649976209279952,0.8730062991171511,0.8065414765793012,0.0,1.0,0.0,1.0,1.0,0.0,0.0,0.0,0.0,1.0,0.0,0.0,0.0,0.0,0.0,0.0,1.0,0.0,0.0,1.0,0.0
0.11784484953130571,No,0.9507711211377805,-0.7641208792270812,4,3,-1.0771875466753518,3,1,3,-0.7823317968089383,-1.5903757588311807,3,0.21605427699257776,3,1,0.0,1,-0.42164245835933756,-0.6201892226844657,3,-0.8177339465973219,-0.6154915796172451,-0.058284890797371494,-0.5952272282818631,1.0,0.0,1.0,0.0,0.0,0.0,0.0,1.0,0.0,1.0,0.0,0.0,0.0,0.0,0.0,1.0,0.0,0.0,1.0,0.0,0.0
0.33684855220010396,No,0.9904367568255669,-0.8875151110697495,1,2,1.137105685536411,4,2,3,-0.026757711245054973,-0.059744429733578276,5,1.3093409798465847,4,2,0.0,3,0.4783162424325279,-2.171981830933257,3,0.8150681472604113,1.8693889813641875,2.7355886789461965,1.086895217551534,0.0,1.0,1.0,0.0,0.0,0.0,1.0,0.0,0.0,0.0,0.0,0.0,0.0,0.0,0.0,0.0,0.0,0.0,0.0,0.0,0.0
0.33684855220010396,No,0.9706039389816736,-1.0109093429124179,3,3,-0.6835354165043717,3,2,4,0.0021393853906840968,-0.7382760665789758,4,0.4893759527060795,3,4,0.0,1,0.09261965637887129,0.1557070814399298,3,-0.32789331844000197,-0.33939373950819707,-0.6791456840737199,-0.3148734873096303,0.0,1.0,1.0,0.0,1.0,0.0,0.0,0.0,0.0,0.0,0.0,0.0,0.0,0.0,0.0,0.0,0.0,0.0,0.0,0.0,0.0
-0.42966440714069,Yes,0.6780698757842488,-0.7641208792270812,3,1,0.20218187638033347,3,1,1,-0.6703555473454494,-1.566905422593985,1,-1.1505541015749308,3,1,0.0,0,-0.16451140099023315,0.1557070814399298,3,0.48850772848886465,1.0410954610370433,2.114727885669848,0.8065414765793012,1.0,0.0,1.0,0.0,1.0,0.0,0.0,0.0,0.0,1.0,0.0,0.0,0.0,0.0,0.0,1.0,0.0,0.0,0.0,1.0,1.0
0.6653541062033014,No,1.2110768553388789,0.7166099028849382,2,3,-0.043850704976529056,2,4,3,2.3585276331138187,-1.5161701448596874,1,2.4026276827005915,4,1,0.0,1,0.34975071374797573,0.1557070814399298,3,1.141628566031958,1.5932911412551394,1.1834366957553253,1.9279564404682326,0.0,1.0,1.0,0.0,1.0,0.0,0.0,0.0,0.0,1.0,0.0,0.0,0.0,0.0,1.0,0.0,0.0,0.0,1.0,0.0,0.0
0.11784484953130571,No,-0.08053540674466629,0.09963874367159682,4,3,0.349801425194451,2,3,3,0.4753293428009114,-1.2289044725912548,0,-0.3305890744344257,3,2,0.0,2,-0.2930769296747854,-0.6201892226844657,3,0.16194730971731802,0.7649976209279952,-0.058284890797371494,0.8065414765793012,0.0,1.0,0.0,1.0,0.0,1.0,0.0,0.0,0.0,1.0,0.0,0.0,0.0,0.0,0.0,0.0,1.0,0.0,0.0,0.0,1.0
-0.3201625558062908,No,-0.7325392933626554,0.7166099028849382,2,3,0.005355811294843447,3,2,1,-0.08030233148186561,1.2985837123771855,1,-0.8772324258614291,3,4,0.0,0,-0.16451140099023315,2.4833959938131165,4,0.48850772848886465,1.0410954610370433,2.114727885669848,0.5261877356070683,0.0,1.0,0.0,1.0,0.0,0.0,1.0,0.0,0.0,0.0,0.0,0.0,0.0,0.0,0.0,0.0,1.0,0.0,0.0,1.0,0.0
1.7603726195472926,No,0.6979026936281421,0.4698214391996017,2,4,-0.4375028351475091,4,2,1,-0.4362040731352696,1.6776226155611202,1,-1.1505541015749308,3,3,0.0,2,-0.8073390444129942,0.1557070814399298,3,-0.4911735278257753,-0.6154915796172451,-0.3687152874355457,-0.3148734873096303,0.0,1.0,1.0,0.0,0.0,0.0,1.0,0.0,0.0,0.0,0.0,0.0,0.0,1.0,0.0,0.0,0.0,0.0,0.0,0.0,0.0
-0.10115885313749257,Yes,-0.6755199420614625,-0.7641208792270812,1,3,-0.7327419327757442,2,3,4,0.8121080057983115,-1.2360720603044104,1,-1.1505541015749308,3,1,0.0,1,0.6068817711170802,2.4833959938131165,3,1.4681889848035046,0.7649976209279952,0.2521455058408027,0.8065414765793012,0.0,1.0,0.0,1.0,1.0,0.0,0.0,0.0,0.0,1.0,0.0,0.0,0.0,0.0,0.0,0.0,1.0,0.0,1.0,0.0,1.0
-1.9626903258222779,Yes,-0.7399766000541155,0.09963874367159682,3,1,1.4815512994360187,2,1,2,-0.9867362597764455,-1.147531270906606,1,2.675949358414093,4,2,0.0,0,-1.3216011591512031,-0.6201892226844657,4,-0.9810141559830953,-0.8915894197262932,-0.6791456840737199,-1.1559347102263289,0.0,0.0,1.0,0.0,0.0,0.0,1.0,0.0,0.0,0.0,0.0,0.0,0.0,0.0,0.0,1.0,0.0,0.0,0.0,1.0,1.0
1.7603726195472926,No,1.0424979036657867,-0.270543951856408,2,4,-0.7819484490471167,3,5,3,2.571643720802394,0.6081060960098619,3,0.7626976284195812,3,2,0.0,1,1.8925370579626022,2.4833959938131165,3,-0.0013328996684553085,0.7649976209279952,0.5625759024789769,0.8065414765793012,0.0,1.0,1.0,0.0,0.0,0.0,1.0,0.0,0.0,0.0,0.0,0.0,1.0,0.0,0.0,0.0,0.0,0.0,0.0,0.0,0.0
-0.42966440714069,No,0.30124633675027795,-0.8875151110697495,3,3,0.5958340065513135,3,1,4,-0.8513873586222853,-1.074168902548425,4,-1.1505541015749308,3,4,0.0,0,-0.5502079870438897,0.1557070814399298,3,-0.9810141559830953,-0.8915894197262932,-0.6791456840737199,-1.1559347102263289,0.0,1.0,1.0,0.0,0.0,0.0,1.0,0.0,0.0,1.0,0.0,1.0,0.0,0.0,0.0,0.0,0.0,0.0,0.0,1.0,0.0
-0.10115885313749257,Yes,1.6201287233691761,0.4698214391996017,5,2,1.4815512994360187,2,2,1,-0.07839002361626522,-0.7947735226709083,5,-0.6039107501479274,3,2,0.0,3,0.6068817711170802,0.1557070814399298,3,-0.8177339465973219,-0.6154915796172451,-0.058284890797371494,-0.5952272282818631,0.0,1.0,0.0,1.0,0.0,1.0,0.0,0.0,0.0,1.0,0.0,0.0,0.0,0.0,0.0,0.0,1.0,0.0,0.0,0.0,1.0
-0.3201625558062908,No,-0.3705903677116045,0.09963874367159682,4,4,1.2847252343505287,2,2,3,-0.3059546596227104,0.14319668120361187,1,-0.3305890744344257,3,2,0.0,1,-0.42164245835933756,0.1557070814399298,2,0.16194730971731802,-0.6154915796172451,1.4938670923934996,0.8065414765793012,1.0,0.0,1.0,0.0,0.0,0.0,0.0,0.0,1.0,1.0,0.0,0.0,0.0,0.0,0.0,0.0,0.0,0.0,1.0,0.0,0.0
-1.3056792178158831,No,-1.2234015349990124,-0.8875151110697495,3,3,0.7926600716368035,3,1,2,-0.9170432620078983,0.7507551455952137,4,-0.3305890744344257,3,3,0.0,0,-0.678773515728442,0.1557070814399298,3,-0.8177339465973219,-1.1676872598353414,-0.3687152874355457,-0.5952272282818631,0.0,1.0,0.0,0.0,0.0,0.0,0.0,0.0,0.0,0.0,1.0,0.0,0.0,0.0,0.0,0.0,0.0,0.0,1.0,0.0,0.0
-1.7436866231534796,No,-1.020115152099107,0.7166099028849382,2,3,1.4815512994360187,3,1,4,-1.119960374413272,0.6981928356987392,1,-0.3305890744344257,3,4,0.0,0,-1.4501666878357553,2.4833959938131165,3,-1.1442943653688686,-1.1676872598353414,-0.6791456840737199,-1.1559347102263289,0.0,1.0,1.0,0.0,1.0,0.0,0.0,0.0,0.0,1.0,0.0,0.0,0.0,0.0,0.0,1.0,0.0,0.0,0.0,1.0,0.0
0.11784484953130571,No,-0.5689185461505365,-0.3939381836990763,3,2,0.645040522822686,1,2,4,-0.2494353382616325,0.19730494139115912,7,-0.8772324258614291,3,4,0.0,3,0.7354472998016324,0.1557070814399298,3,0.9783483566461847,1.8693889813641875,-0.3687152874355457,1.3672489585237668,0.0,0.0,1.0,0.0,0.0,0.0,1.0,0.0,0.0,0.0,0.0,0.0,0.0,0.0,0.0,1.0,0.0,0.0,0.0,0.0,1.0
1.5413689168784945,No,-0.2937381985665183,-0.3939381836990763,3,1,-0.7327419327757442,3,5,3,2.769461345566167,-1.1034014171432556,7,-0.6039107501479274,3,3,0.0,0,1.5068404719089457,1.707499689688721,3,2.1213098223465976,3.8020738621275236,3.977310265498893,3.049371404357164,0.0,1.0,1.0,0.0,1.0,0.0,0.0,0.0,0.0,1.0,0.0,0.0,0.0,0.0,1.0,0.0,0.0,0.0,0.0,1.0,0.0
-1.4151810691502822,No,-0.07805630451417965,-1.0109093429124179,2,2,-1.0279810304039791,2,2,3,-0.4007201382957959,-0.027138932685497864,1,-0.8772324258614291,3,2,0.0,0,-0.9359045730975464,-0.6201892226844657,2,-0.4911735278257753,-0.33939373950819707,-0.3687152874355457,-0.5952272282818631,0.0,1.0,1.0,0.0,1.0,0.0,0.0,0.0,0.0,1.0,0.0,0.0,0.0,0.0,0.0,0.0,0.0,0.0,0.0,1.0,0.0
-0.42966440714069,No,0.7648384538512817,-0.5173324155417446,1,2,-0.2406767700620191,3,2,4,0.7426274866814978,0.699879326925364,6,-0.6039107501479274,3,1,0.0,0,-0.42164245835933756,-0.6201892226844657,4,-0.32789331844000197,-0.063295899399149,-0.3687152874355457,-0.5952272282818631,1.0,0.0,0.0,1.0,1.0,0.0,0.0,0.0,0.0,1.0,0.0,0.0,0.0,0.0,0.0,0.0,1.0,0.0,1.0,0.0,0.0
-0.3201625558062908,No,-0.3829858788640377,0.2230329755142651,3,3,-0.4867093514188816,2,2,2,-0.42770492706593455,1.0568533032276237,4,-1.1505541015749308,3,4,0.0,2,0.34975071374797573,1.707499689688721,4,0.48850772848886465,1.3171933011460915,-0.3687152874355457,1.086895217551534,1.0,0.0,0.0,0.0,1.0,0.0,0.0,0.0,0.0,1.0,1.0,0.0,0.0,0.0,0.0,0.0,0.0,0.0,1.0,0.0,0.0
0.33684855220010396,No,0.9135845876804807,0.09963874367159682,4,4,-0.9787745141326066,4,1,3,-0.9115188170628306,1.1498914025630946,3,-0.6039107501479274,3,3,0.0,1,-0.16451140099023315,0.1557070814399298,3,-0.0013328996684553085,0.7649976209279952,-0.3687152874355457,0.8065414765793012,0.0,1.0,1.0,0.0,1.0,0.0,0.0,0.0,0.0,0.0,0.0,1.0,0.0,0.0,0.0,0.0,0.0,0.0,1.0,0.0,1.0
0.8843578088720997,No,1.154057504037686,-0.6407266473844129,2,3,-1.7660787744745667,3,2,1,-0.3180659427715128,-1.1234987709272017,4,-1.1505541015749308,3,1,0.0,1,-0.2930769296747854,0.1557070814399298,4,-0.32789331844000197,-0.063295899399149,-0.6791456840737199,-0.3148734873096303,0.0,1.0,0.0,1.0,1.0,0.0,0.0,0.0,0.0,0.0,0.0,0.0,0.0,0.0,0.0,0.0,1.0,0.0,0.0,0.0,1.0
-0.5391662584750891,No,-0.4077769011689042,-0.14714972001373974,2,3,1.235518718079156,4,2,3,-0.2821570506285723,1.103091271024255,5,-0.8772324258614291,3,3,0.0,1,-0.2930769296747854,0.1557070814399298,2,-0.32789331844000197,-0.33939373950819707,-0.3687152874355457,-0.3148734873096303,0.0,1.0,1.0,0.0,0.0,0.0,1.0,0.0,0.0,0.0,0.0,0.0,0.0,0.0,0.0,1.0,0.0,0.0,1.0,0.0,0.0
-0.10115885313749257,No,0.28389262113687136,-0.3939381836990763,4,3,-0.2898832863333916,1,1,3,-0.7993300889476084,-1.0467634201157712,1,-0.3305890744344257,3,3,0.0,1,-0.5502079870438897,0.9316033855643254,3,-0.0013328996684553085,0.7649976209279952,-0.3687152874355457,0.8065414765793012,0.0,1.0,1.0,0.0,1.0,0.0,0.0,0.0,0.0,1.0,0.0,1.0,0.0,0.0,0.0,0.0,0.0,0.0,0.0,0.0,0.0
-0.3201625558062908,Yes,-0.3581948565591712,-0.270543951856408,3,1,0.005355811294843447,1,2,3,-0.09113874272026776,1.2049834492995064,1,2.4026276827005915,4,4,0.0,0,-0.2930769296747854,0.1557070814399298,3,0.32522751910309133,0.7649976209279952,-0.6791456840737199,0.5261877356070683,1.0,0.0,1.0,0.0,1.0,0.0,0.0,0.0,0.0,1.0,0.0,1.0,0.0,0.0,0.0,0.0,0.0,0.0,0.0,1.0,1.0
-0.7581699611438873,No,-1.679556345408556,-0.02375548817107146,2,4,0.841866587908176,2,1,3,-0.9130061676249642,0.2535213156119874,1,-0.6039107501479274,3,1,0.0,0,-0.16451140099023315,1.707499689688721,3,0.48850772848886465,-1.1676872598353414,-0.3687152874355457,1.086895217551534,0.0,1.0,1.0,0.0,0.0,0.0,1.0,0.0,0.0,1.0,0.0,1.0,0.0,0.0,0.0,0.0,0.0,0.0,0.0,1.0,0.0
0.7748559575377005,No,-1.5679967450366568,-1.0109093429124179,4,2,0.5958340065513135,4,2,1,-0.3123290191747117,-0.6955516221711463,2,-0.057267398720923963,3,4,0.0,1,-0.16451140099023315,1.707499689688721,3,-0.8177339465973219,-1.1676872598353414,-0.058284890797371494,-0.5952272282818631,0.0,1.0,1.0,0.0,1.0,0.0,0.0,0.0,0.0,1.0,0.0,0.0,0.0,0.0,0.0,0.0,0.0,0.0,1.0,0.0,0.0
-0.42966440714069,No,0.5838639910257561,-0.14714972001373974,1,2,1.0878991692650386,2,1,4,-0.8841090709892252,1.0011990927490038,0,1.036019304133083,3,4,0.0,0,-1.0644701017820986,-0.6201892226844657,2,-0.8177339465973219,-0.6154915796172451,-0.058284890797371494,-0.5952272282818631,0.0,0.0,0.0,1.0,1.0,0.0,0.0,0.0,0.0,0.0,0.0,0.0,0.0,0.0,0.0,0.0,0.0,1.0,0.0,1.0,0.0
-1.1961773664814839,No,1.4416333627741373,-0.7641208792270812,4,1,0.7926600716368035,4,1,4,-0.4425784326872709,-0.12537704663639532,1,1.855984331273588,4,2,0.0,1,-0.42164245835933756,-0.6201892226844657,3,0.16194730971731802,0.7649976209279952,-0.6791456840737199,0.8065414765793012,0.0,1.0,1.0,0.0,0.0,0.0,1.0,0.0,0.0,1.0,0.0,1.0,0.0,0.0,0.0,0.0,0.0,0.0,1.0,0.0,0.0
0.8843578088720997,No,-1.06225989001738,1.3335810620982798,3,4,-0.7819484490471167,3,2,3,-0.35121261244191937,1.2676647065557298,8,-0.057267398720923963,3,3,0.0,0,-0.42164245835933756,0.1557070814399298,3,-0.32789331844000197,-0.33939373950819707,-0.6791456840737199,-0.8755809692540959,0.0,1.0,0.0,1.0,1.0,0.0,0.0,0.0,0.0,0.0,0.0,0.0,0.0,0.0,0.0,0.0,1.0,0.0,0.0,1.0,0.0
-0.2106607044718917,No,0.016149580244313087,0.8400041347276065,3,1,0.8910731041795485,4,1,2,-0.8662608642436216,0.304397134281837,0,-0.6039107501479274,3,3,0.0,1,-0.678773515728442,1.707499689688721,3,-0.32789331844000197,-0.063295899399149,-0.6791456840737199,-0.3148734873096303,0.0,1.0,1.0,0.0,0.0,0.0,1.0,0.0,0.0,1.0,0.0,1.0,0.0,0.0,0.0,0.0,0.0,0.0,1.0,0.0,0.0
2.3078818762192883,No,-1.1217583435490597,-0.8875151110697495,3,2,-0.6835354165043717,3,4,2,2.07975564203963,1.1614157592783643,4,1.855984331273588,4,4,0.0,1,3.3067578734926766,-2.171981830933257,2,1.4681889848035046,1.3171933011460915,3.666879868860719,2.7690176633849313,0.0,0.0,0.0,1.0,0.0,0.0,1.0,0.0,0.0,1.0,0.0,0.0,1.0,0.0,0.0,0.0,0.0,0.0,0.0,0.0,0.0
0.7748559575377005,No,0.982999450134107,-0.6407266473844129,2,3,1.2847252343505287,4,5,1,2.6957312534146856,0.4446569879628036,1,-0.3305890744344257,3,4,0.0,2,1.8925370579626022,0.9316033855643254,2,2.9377108692754645,1.3171933011460915,3.666879868860719,2.488663922412698,0.0,1.0,1.0,0.0,1.0,0.0,0.0,0.0,0.0,1.0,0.0,0.0,1.0,0.0,0.0,0.0,0.0,0.0,0.0,0.0,0.0
-0.8676718124782865,No,0.6929444891671688,-0.02375548817107146,4,4,-1.1263940629467242,3,1,3,-0.7498225630937319,1.5598493115684848,9,0.4893759527060795,3,3,0.0,1,-0.2930769296747854,-0.6201892226844657,3,-0.32789331844000197,-0.33939373950819707,-0.3687152874355457,-0.5952272282818631,0.0,1.0,1.0,0.0,0.0,0.0,1.0,0.0,0.0,0.0,0.0,1.0,0.0,0.0,0.0,0.0,0.0,0.0,1.0,0.0,0.0
-1.1961773664814839,No,-0.5639603416895632,-1.0109093429124179,2,1,0.251388392651706,1,1,4,-0.45447723718433986,-1.2683964754813866,3,-0.3305890744344257,3,1,0.0,1,-0.8073390444129942,-0.6201892226844657,3,-0.8177339465973219,-0.6154915796172451,-0.058284890797371494,-1.1559347102263289,1.0,0.0,1.0,0.0,1.0,0.0,0.0,0.0,0.0,0.0,0.0,1.0,0.0,0.0,0.0,0.0,0.0,0.0,0.0,0.0,0.0
0.9938596602064987,No,0.5119700263416432,-0.8875151110697495,3,1,-0.7327419327757442,3,4,3,2.4133471252610295,-1.6900192821375988,6,-0.6039107501479274,3,3,0.0,0,1.8925370579626022,-0.6201892226844657,1,-0.6544537372115486,-0.6154915796172451,-0.6791456840737199,-0.8755809692540959,0.0,1.0,1.0,0.0,1.0,0.0,0.0,0.0,0.0,1.0,0.0,0.0,0.0,0.0,1.0,0.0,0.0,0.0,1.0,0.0,0.0
-0.5391662584750891,No,0.5342819464160231,-0.8875151110697495,4,1,0.3990079414658235,4,2,4,-0.3076544888365774,-0.5278862860575259,7,0.21605427699257776,3,3,0.0,0,-0.16451140099023315,-2.171981830933257,2,-0.0013328996684553085,0.7649976209279952,-0.6791456840737199,0.8065414765793012,0.0,1.0,1.0,0.0,0.0,0.0,1.0,0.0,0.0,0.0,0.0,0.0,0.0,0.0,0.0,1.0,0.0,0.0,0.0,1.0,0.0
-0.9771736638126857,No,0.13514648730767234,0.09963874367159682,3,3,-0.3390898026047641,3,2,3,-0.6040622080046363,-0.9000386833994092,3,-0.6039107501479274,3,4,0.0,0,-0.16451140099023315,0.9316033855643254,4,0.16194730971731802,0.7649976209279952,-0.3687152874355457,0.8065414765793012,0.0,1.0,1.0,0.0,0.0,0.0,0.0,1.0,0.0,0.0,0.0,0.0,0.0,0.0,0.0,1.0,0.0,0.0,0.0,1.0,0.0
-1.0866755151470848,No,-1.4688326558171907,-1.0109093429124179,1,3,0.349801425194451,3,2,2,-0.032707113493589485,1.095361519568891,0,-0.6039107501479274,3,4,0.0,1,-0.678773515728442,-2.171981830933257,3,-0.32789331844000197,-0.063295899399149,-0.3687152874355457,-0.0345197463373974,0.0,0.0,0.0,1.0,0.0,1.0,0.0,0.0,0.0,1.0,0.0,0.0,0.0,0.0,0.0,0.0,1.0,0.0,1.0,0.0,1.0
1.4318670655440953,No,0.6036968088696494,0.09963874367159682,3,4,1.6783773645215088,2,3,4,0.8484418552447187,-1.6243866652347818,6,-0.057267398720923963,3,4,0.0,0,1.121143885855289,-0.6201892226844657,3,-0.4911735278257753,-0.33939373950819707,-0.3687152874355457,-0.3148734873096303,0.0,1.0,1.0,0.0,0.0,0.0,0.0,0.0,1.0,1.0,0.0,0.0,0.0,0.0,0.0,0.0,0.0,0.0,0.0,1.0,0.0
-0.2106607044718917,No,1.223472366491312,-0.5173324155417446,4,3,-0.19147025379064658,3,3,2,0.33828061243288415,0.5552627042422833,0,-0.6039107501479274,3,4,0.0,0,0.7354472998016324,1.707499689688721,3,1.4681889848035046,0.48889978081894714,-0.6791456840737199,2.488663922412698,0.0,1.0,1.0,0.0,0.0,0.0,0.0,0.0,1.0,1.0,0.0,0.0,0.0,1.0,0.0,0.0,0.0,0.0,0.0,1.0,0.0
-0.3201625558062908,No,0.41528503935266387,-0.14714972001373974,2,2,1.4815512994360187,3,2,3,-0.07669019440239822,-0.9771956570174961,3,-1.1505541015749308,3,4,0.0,0,-0.16451140099023315,-0.6201892226844657,3,-0.32789331844000197,-0.8915894197262932,0.5625759024789769,-0.3148734873096303,0.0,1.0,1.0,0.0,0.0,0.0,1.0,0.0,0.0,0.0,0.0,0.0,0.0,0.0,0.0,0.0,0.0,0.0,0.0,1.0,0.0
1.4318670655440953,Yes,-0.5961886706858897,-0.14714972001373974,2,2,-0.7819484490471167,3,2,3,0.06227084383122937,1.2843890778864262,3,-0.3305890744344257,3,1,0.0,1,0.8640128284861845,0.9316033855643254,3,-0.4911735278257753,-0.33939373950819707,-0.3687152874355457,-0.3148734873096303,1.0,0.0,0.0,1.0,0.0,0.0,0.0,0.0,1.0,1.0,0.0,0.0,0.0,0.0,0.0,0.0,1.0,0.0,1.0,0.0,1.0
-1.1961773664814839,No,-0.8143496669687149,-0.7641208792270812,3,1,1.137105685536411,3,1,4,-0.9438155721263037,-0.44693470717953315,1,1.5826626555600865,4,1,0.0,0,-1.3216011591512031,1.707499689688721,3,-0.9810141559830953,-1.1676872598353414,-0.6791456840737199,-1.1559347102263289,0.0,1.0,1.0,0.0,1.0,0.0,0.0,0.0,0.0,0.0,0.0,0.0,0.0,0.0,0.0,1.0,0.0,0.0,1.0,0.0,0.0
0.22734670086570485,No,-1.5679967450366568,-0.7641208792270812,2,3,0.4974209740085685,2,2,3,-0.7296370911790612,-0.563724224623304,0,-0.057267398720923963,3,4,0.0,1,-0.03594587230568093,0.1557070814399298,3,0.48850772848886465,1.0410954610370433,-0.6791456840737199,0.8065414765793012,0.0,1.0,1.0,0.0,0.0,0.0,1.0,0.0,0.0,1.0,0.0,1.0,0.0,0.0,0.0,0.0,0.0,0.0,0.0,0.0,0.0
1.6508707682128936,No,-0.07805630451417965,-0.8875151110697495,4,1,0.645040522822686,2,5,3,2.6698088579032135,0.943998931979311,1,0.7626976284195812,3,4,0.0,0,2.7924957587544674,-0.6201892226844657,4,4.243952544361651,0.7649976209279952,3.977310265498893,2.2083101814404653,0.0,0.0,0.0,1.0,1.0,0.0,0.0,0.0,0.0,1.0,0.0,0.0,1.0,0.0,0.0,0.0,0.0,0.0,0.0,1.0,1.0
1.103361511540898,No,0.44751336834899036,-0.8875151110697495,2,1,-0.043850704976529056,3,2,4,-0.3044673090605768,-0.973119969886486,5,-0.6039107501479274,3,3,0.0,3,1.121143885855289,-0.6201892226844657,3,-0.32789331844000197,-1.1676872598353414,-0.6791456840737199,-0.0345197463373974,0.0,1.0,1.0,0.0,0.0,0.0,1.0,0.0,0.0,0.0,0.0,0.0,0.0,1.0,0.0,0.0,0.0,0.0,0.0,0.0,0.0
-0.6486681098094882,No,-0.023516055443473325,1.3335810620982798,3,3,0.05456232756621595,4,1,4,-0.7887061563609395,1.0776533616893302,0,-0.8772324258614291,3,1,0.0,1,-1.0644701017820986,0.9316033855643254,3,-0.8177339465973219,-0.6154915796172451,-0.058284890797371494,-0.5952272282818631,1.0,0.0,0.0,1.0,1.0,0.0,0.0,0.0,0.0,1.0,0.0,0.0,0.0,0.0,0.0,0.0,0.0,1.0,1.0,0.0,0.0
0.11784484953130571,Yes,0.24918518991005828,-0.8875151110697495,3,3,0.743453555365431,3,2,2,-0.3501502191832525,-0.9360171629007393,4,-1.1505541015749308,3,1,0.0,2,-0.5502079870438897,-0.6201892226844657,3,-0.32789331844000197,-0.6154915796172451,-0.3687152874355457,-0.0345197463373974,0.0,1.0,1.0,0.0,0.0,0.0,1.0,0.0,0.0,1.0,0.0,0.0,0.0,1.0,0.0,0.0,0.0,0.0,1.0,0.0,0.0
0.9938596602064987,No,0.46734618619288354,-1.0109093429124179,2,4,-1.0771875466753518,3,1,1,-0.6544196484654462,1.2148213147881513,6,-0.8772324258614291,3,3,0.0,0,-0.16451140099023315,0.1557070814399298,4,-0.0013328996684553085,0.48889978081894714,0.8730062991171511,0.8065414765793012,0.0,1.0,0.0,0.0,1.0,0.0,0.0,0.0,0.0,0.0,1.0,0.0,0.0,0.0,0.0,0.0,0.0,0.0,0.0,1.0,0.0
2.4173837275536876,No,1.5680675765289565,1.950552221311621,3,1,1.6291708482501361,3,3,1,0.24096538993899816,-1.6807435803911621,7,-1.1505541015749308,3,4,0.0,0,2.1496681153317065,0.1557070814399298,2,2.284590031732371,3.249878181909428,1.4938670923934996,1.3672489585237668,0.0,1.0,0.0,1.0,1.0,0.0,0.0,0.0,0.0,0.0,0.0,0.0,0.0,0.0,0.0,0.0,1.0,0.0,0.0,1.0,0.0
0.5558522548689022,No,1.1466201973462258,-0.7641208792270812,3,3,1.432344783164646,4,2,4,-0.2702582461315033,1.3228972942276938,2,-0.6039107501479274,3,2,0.0,1,0.7354472998016324,-1.3960855268088614,2,-0.32789331844000197,-0.33939373950819707,-0.3687152874355457,-0.3148734873096303,0.0,1.0,1.0,0.0,1.0,0.0,0.0,0.0,0.0,0.0,0.0,1.0,0.0,0.0,0.0,0.0,0.0,0.0,1.0,0.0,1.0
1.103361511540898,No,-1.3721476688282115,-0.8875151110697495,2,3,-1.5200461931177043,3,2,4,-0.41771843043446594,0.48766251424173723,0,1.855984331273588,4,1,0.0,1,-0.42164245835933756,-0.6201892226844657,3,-0.0013328996684553085,0.48889978081894714,1.4938670923934996,0.8065414765793012,0.0,1.0,0.0,1.0,0.0,1.0,0.0,0.0,0.0,0.0,0.0,0.0,0.0,0.0,0.0,0.0,1.0,0.0,1.0,0.0,1.0
0.7748559575377005,No,-0.49702458146642364,-1.0109093429124179,5,1,-1.4216331605749593,3,2,4,-0.16146917644401504,-0.5354754965773377,4,-1.1505541015749308,3,3,0.0,0,0.34975071374797573,0.1557070814399298,3,0.48850772848886465,0.7649976209279952,-0.6791456840737199,-0.5952272282818631,1.0,0.0,0.0,0.0,0.0,0.0,0.0,0.0,0.0,1.0,1.0,0.0,0.0,0.0,0.0,0.0,0.0,0.0,1.0,0.0,1.0
-0.8676718124782865,No,1.1143918683498995,1.7037637576262845,2,3,0.743453555365431,4,1,3,-0.8080417136686767,1.3303459638119535,1,2.4026276827005915,4,3,0.0,1,-0.16451140099023315,0.1557070814399298,3,0.48850772848886465,0.7649976209279952,-0.6791456840737199,0.8065414765793012,0.0,1.0,1.0,0.0,1.0,0.0,0.0,0.0,0.0,1.0,0.0,0.0,0.0,0.0,0.0,1.0,0.0,0.0,1.0,0.0,0.0
2.3078818762192883,Yes,-1.2729835796087454,-0.8875151110697495,3,4,-0.7327419327757442,3,1,3,-0.8549994957017527,1.6743901740434226,4,2.4026276827005915,4,1,0.0,0,-0.5502079870438897,0.9316033855643254,3,-0.9810141559830953,-1.1676872598353414,-0.6791456840737199,-1.1559347102263289,0.0,1.0,1.0,0.0,0.0,0.0,0.0,0.0,1.0,1.0,0.0,0.0,0.0,0.0,0.0,1.0,0.0,0.0,0.0,1.0,0.0
0.11784484953130571,No,0.2119986564527585,0.09963874367159682,4,3,0.251388392651706,3,2,3,-0.09050130676506762,0.07039647658763923,3,-1.1505541015749308,3,3,0.0,0,-0.16451140099023315,-0.6201892226844657,3,-0.16461310905422863,-0.33939373950819707,-0.3687152874355457,-0.5952272282818631,1.0,0.0,0.0,0.0,0.0,0.0,0.0,0.0,0.0,1.0,1.0,0.0,0.0,0.0,0.0,0.0,0.0,0.0,1.0,0.0,0.0
-1.3056792178158831,Yes,-1.3944595889025913,-0.5173324155417446,3,3,-0.9787745141326066,2,2,3,-0.16125669779228166,1.7772661388675384,1,-1.1505541015749308,3,4,0.0,0,-0.678773515728442,-1.3960855268088614,3,-0.16461310905422863,-0.063295899399149,-0.6791456840737199,-0.3148734873096303,0.0,1.0,0.0,1.0,0.0,1.0,0.0,0.0,0.0,1.0,0.0,0.0,0.0,0.0,0.0,0.0,1.0,0.0,0.0,1.0,1.0
-0.8676718124782865,No,-0.5664394439200499,1.3335810620982798,1,4,-1.2740136117608418,3,1,4,-0.5717654529411632,-1.0273687710095853,1,-0.6039107501479274,3,2,0.0,0,-0.03594587230568093,0.1557070814399298,4,0.651787937874638,1.0410954610370433,0.2521455058408027,1.6476026994959998,1.0,0.0,1.0,0.0,0.0,0.0,1.0,0.0,0.0,1.0,0.0,1.0,0.0,0.0,0.0,0.0,0.0,0.0,1.0,0.0,0.0
0.9938596602064987,Yes,-1.0548225833259202,-0.02375548817107146,3,1,-0.6835354165043717,3,3,4,0.7634503945513685,0.23511045305466613,4,-1.1505541015749308,3,1,0.0,1,2.1496681153317065,-1.3960855268088614,4,-0.0013328996684553085,0.7649976209279952,0.5625759024789769,-0.3148734873096303,0.0,1.0,0.0,1.0,0.0,1.0,0.0,0.0,0.0,1.0,0.0,0.0,0.0,0.0,0.0,0.0,1.0,0.0,0.0,0.0,0.0
0.4463504035345031,No,-0.7920377468943351,-0.3939381836990763,3,4,1.432344783164646,2,2,2,-0.10006284609306952,-0.5907080842493015,6,-0.057267398720923963,3,4,0.0,0,-0.42164245835933756,0.1557070814399298,3,-0.32789331844000197,-0.063295899399149,-0.3687152874355457,-0.5952272282818631,0.0,1.0,1.0,0.0,0.0,0.0,1.0,0.0,0.0,1.0,0.0,0.0,0.0,1.0,0.0,0.0,0.0,0.0,0.0,1.0,1.0
0.9938596602064987,No,0.7995458850780948,0.09963874367159682,3,3,1.3831382668932737,2,3,4,0.5456597765246587,-0.38650210489214276,2,1.036019304133083,3,3,0.0,1,0.4783162424325279,0.1557070814399298,3,-0.6544537372115486,-0.6154915796172451,-0.3687152874355457,-0.5952272282818631,0.0,1.0,0.0,1.0,0.0,1.0,0.0,0.0,0.0,0.0,0.0,0.0,0.0,0.0,0.0,0.0,1.0,0.0,1.0,0.0,1.0
-0.5391662584750891,No,0.3136418479027112,0.09963874367159682,3,4,-0.5359158676902541,3,2,4,-0.23519926859549636,1.0385829816058545,1,-0.8772324258614291,3,4,0.0,0,-0.16451140099023315,-0.6201892226844657,2,0.48850772848886465,0.7649976209279952,-0.6791456840737199,1.086895217551534,0.0,1.0,0.0,1.0,0.0,1.0,0.0,0.0,0.0,1.0,0.0,0.0,0.0,0.0,0.0,0.0,1.0,0.0,0.0,1.0,0.0
0.7748559575377005,No,0.7673175560817683,-1.0109093429124179,4,1,-0.7819484490471167,2,2,3,-0.11004934272453817,1.7681309780566536,4,-1.1505541015749308,3,2,0.0,0,-0.16451140099023315,-1.3960855268088614,4,-0.8177339465973219,-0.6154915796172451,-0.6791456840737199,-0.5952272282818631,0.0,1.0,0.0,0.0,1.0,0.0,0.0,0.0,0.0,0.0,1.0,0.0,0.0,0.0,0.0,0.0,0.0,0.0,0.0,1.0,0.0
-0.3201625558062908,No,-0.9953241297942405,-1.0109093429124179,3,4,0.9894861367222936,2,1,2,-0.6818293945390517,-1.4904511536536584,5,0.4893759527060795,3,1,0.0,1,-0.5502079870438897,-0.6201892226844657,2,-0.32789331844000197,-0.063295899399149,-0.6791456840737199,-0.5952272282818631,0.0,1.0,1.0,0.0,1.0,0.0,0.0,0.0,0.0,0.0,0.0,1.0,0.0,0.0,0.0,0.0,0.0,0.0,1.0,0.0,0.0
-0.6486681098094882,No,-1.183735899311226,-0.5173324155417446,3,2,0.3990079414658235,3,2,1,0.7294538102740284,-1.4793484197450448,0,1.036019304133083,3,2,0.0,0,-0.16451140099023315,-0.6201892226844657,3,0.32522751910309133,-0.063295899399149,-0.3687152874355457,0.8065414765793012,0.0,0.0,1.0,0.0,0.0,0.0,1.0,0.0,0.0,1.0,0.0,0.0,0.0,1.0,0.0,0.0,0.0,0.0,0.0,1.0,0.0
-0.3201625558062908,No,0.3483492791295243,-0.02375548817107146,3,4,0.9894861367222936,3,3,4,0.42433446638490124,-1.23944504275766,0,-1.1505541015749308,3,4,0.0,1,-0.16451140099023315,-2.171981830933257,2,0.32522751910309133,0.7649976209279952,-0.3687152874355457,0.5261877356070683,0.0,1.0,1.0,0.0,1.0,0.0,0.0,0.0,0.0,1.0,0.0,0.0,0.0,0.0,0.0,0.0,0.0,0.0,0.0,0.0,0.0
-0.2106607044718917,Yes,-1.7316174922487757,-0.8875151110697495,3,1,0.15297536010896096,3,1,1,-0.9410533496537699,1.7294822207798344,1,-0.8772324258614291,3,4,0.0,1,-1.3216011591512031,-0.6201892226844657,3,-0.9810141559830953,-1.1676872598353414,-0.6791456840737199,-1.1559347102263289,0.0,1.0,1.0,0.0,1.0,0.0,0.0,0.0,0.0,0.0,0.0,1.0,0.0,0.0,0.0,0.0,0.0,0.0,0.0,0.0,1.0
-0.6486681098094882,Yes,-1.2283597394599857,2.4441291486822943,2,3,0.251388392651706,2,1,2,-0.6425208439683772,-0.37399396162800846,0,-1.1505541015749308,3,2,0.0,0,-0.678773515728442,-0.6201892226844657,4,-0.32789331844000197,-0.063295899399149,-0.3687152874355457,-0.0345197463373974,1.0,0.0,1.0,0.0,0.0,0.0,1.0,0.0,0.0,1.0,0.0,1.0,0.0,0.0,0.0,0.0,0.0,0.0,0.0,1.0,0.0
0.9938596602064987,Yes,-1.3423984420623716,1.456975293940948,2,4,0.005355811294843447,3,2,2,0.5148503720233192,-0.48783211942518573,4,1.855984331273588,4,4,0.0,1,0.2211851850634235,-0.6201892226844657,4,0.32522751910309133,0.7649976209279952,0.2521455058408027,0.8065414765793012,0.0,1.0,1.0,0.0,0.0,0.0,1.0,0.0,0.0,0.0,0.0,0.0,0.0,0.0,0.0,0.0,0.0,0.0,1.0,0.0,0.0
0.9938596602064987,No,-0.2416770517262986,-0.8875151110697495,4,2,0.841866587908176,3,5,1,2.644098941043475,1.1958482884886217,3,-0.8772324258614291,3,4,0.0,0,1.3782749432243935,-0.6201892226844657,2,-0.8177339465973219,-0.6154915796172451,-0.058284890797371494,-0.8755809692540959,0.0,1.0,0.0,1.0,0.0,1.0,0.0,0.0,0.0,0.0,0.0,0.0,1.0,0.0,0.0,0.0,0.0,0.0,0.0,1.0,0.0
0.9938596602064987,No,0.8466488274573412,-0.270543951856408,4,3,-1.7660787744745667,3,2,3,-0.2645213225347022,0.24326182731668625,2,-0.3305890744344257,3,3,0.0,0,-0.5502079870438897,-0.6201892226844657,4,-0.9810141559830953,-1.1676872598353414,-0.6791456840737199,-1.1559347102263289,0.0,0.0,1.0,0.0,0.0,0.0,1.0,0.0,0.0,0.0,0.0,0.0,0.0,1.0,0.0,0.0,0.0,0.0,1.0,0.0,0.0
-0.2106607044718917,No,1.0201859835914067,-1.0109093429124179,3,2,-1.7660787744745667,2,1,3,-0.77425760804307,1.6815577617565782,1,0.7626976284195812,3,1,0.0,0,-0.678773515728442,0.1557070814399298,3,-0.16461310905422863,-0.063295899399149,-0.6791456840737199,-0.0345197463373974,0.0,1.0,1.0,0.0,0.0,0.0,1.0,0.0,0.0,1.0,0.0,0.0,0.0,0.0,0.0,1.0,0.0,0.0,0.0,1.0,0.0
1.2128633628752972,Yes,-0.23423974503483866,-0.270543951856408,2,4,1.432344783164646,3,1,3,-0.8176032529966786,-0.3616263592994262,2,-1.1505541015749308,3,3,0.0,2,0.9925783571707368,0.1557070814399298,3,0.32522751910309133,0.7649976209279952,1.4938670923934996,0.8065414765793012,1.0,0.0,0.0,1.0,0.0,0.0,1.0,0.0,0.0,0.0,0.0,0.0,0.0,0.0,0.0,0.0,0.0,1.0,1.0,0.0,1.0
1.3223652142096962,No,-0.8242660758906616,1.3335810620982798,4,3,1.4815512994360187,3,2,1,0.013613232584286374,-1.2317152913022962,1,-0.3305890744344257,3,3,0.0,0,0.6068817711170802,-0.6201892226844657,2,1.3049087754177313,1.8693889813641875,0.8730062991171511,1.9279564404682326,0.0,1.0,1.0,0.0,0.0,0.0,1.0,0.0,0.0,0.0,0.0,0.0,0.0,1.0,0.0,0.0,0.0,0.0,1.0,0.0,0.0
1.3223652142096962,Yes,0.9458129166768071,0.2230329755142651,3,3,-1.1263940629467242,3,3,4,0.24457752701846555,-1.188007060345602,1,0.7626976284195812,3,1,0.0,2,-0.2930769296747854,0.1557070814399298,4,0.32522751910309133,1.0410954610370433,1.4938670923934996,0.8065414765793012,0.0,1.0,0.0,1.0,0.0,1.0,0.0,0.0,0.0,0.0,0.0,0.0,0.0,0.0,0.0,0.0,1.0,0.0,1.0,0.0,0.0
